uuid,Void/Retire,Name,Concept Drug,Strength,Concept Dosage Form
d80b25f3-ca9f-11de-ac93-672ba0a04471,0,ABACAVIR 200mg/ml SYRUP 240ML,3cd466b0-26fe-102b-80cb-0017a47871b2,20mg/ml,Syrup
f43ebe9b-27be-4c69-bdaf-c9c170d8f44e,0,ACETYLSALICYLIC ACID 100 MG TAB B/1000( aspirin junior),b7a0d318-7f95-4ffd-97f5-431ce8b12322,100mg,Tablet
fba4684f-1f49-455b-bc6d-3deb2f548028,0,Acide acetylsalicylique de lysine 1000mg inj (ASPEGIC),1a90ea7f-ca8a-45f7-b874-f4600989c5c7,100mg,Injection
23fbb633-eafe-4f14-a083-11c8955a70e0,0,Acide ascorbique cp 500mg (vitamine C),7d3aa85a-831a-4699-86c4-e1d03af66f05,50mg,
60f76f92-b111-4208-9395-e002e805b854,0,Acide folique 5mg cp,ffff518b-7092-4f67-88b5-51ac7bae1893,5mg,
4ded5481-2661-49a7-a39f-132a6aaaca94,0,Acide nalidixique cés à 500 mgr,98d18ec1-32ea-418e-8726-19098584d472,500mg,
1279244f-45db-4c5f-a2ed-f91db160be21,0,ACTIVATED CHARCOAL 500MG TABLET B/1,1abc6b6f-39c9-4d32-8175-be6ac030f3f1,125mg,
d8405c91-424a-48ae-b630-d739721b0860,0,Acupan nefopan 20mg,abfb2c3e-0511-4419-962e-68e431d8cbcf,,
c7d31bec-aab1-4d7c-8147-cb550dbbdfb9,0,ACYCLOVIR 200MG TABLET B/1,3cd3d4de-26fe-102b-80cb-0017a47871b2,200mg,
d0db67a4-ad1f-4f4e-a506-9ac0fcd3f77c,0,"ACYCLOVIR 5% CREAM,1PC",3cd3d4de-26fe-102b-80cb-0017a47871b2,,
23fdb0f4-15a0-4198-a123-e39270815d70,0,ADRENALINE1MG/ML 1ML AMP INJECTION B/1,6e8ef269-d2bd-4b1e-a07c-616f7574bcaa,1mg,
bd6a8af4-8e80-4e77-951b-973a5bb44875,0,Akineton(biperidene) 2mg cp,957265ed-c59e-4619-808f-1524a5c9d6c0,,
a36b6fbc-de9e-47db-aa7f-d8d9e04a38bc,0,ALBENDAZOLE 400MG SUSPENSION 10ML,3cd54832-26fe-102b-80cb-0017a47871b2,400mg,
64da0fc6-6070-4252-9330-7bf8bdd199d1,0,ALBENDAZOLE 400MG TABLET B/1,3cd54832-26fe-102b-80cb-0017a47871b2,400mg,
f731c0c0-ca66-4e05-98f8-a0819927582c,0,Alcool denature à 96° 1Litre,a28db412-bb99-4a48-95ac-f579c8081463,,
f9b3d3a7-cd95-41b8-98c2-0d3eafb75515,0,Alvogyl,0536e499-ffd7-438f-8f54-cd03d8f1064b,,
9c5db628-71a0-49db-8660-9b62c776ac10,0,Amethocaine 0.5% collyre,84041AAAAAAAAAAAAAAAAAAAAAAAAAAAAAAA,,
f25d6258-9a62-464b-afad-264b8055e617,0,AMINOPHYLLINE 25MG/ML INJECTION B/1,3cd52a78-26fe-102b-80cb-0017a47871b2,25mg/ml,
fe79b581-6ad8-47c8-aa49-3f9e1525b00c,0,Aminophylline ces à 100 mgr,3cd52a78-26fe-102b-80cb-0017a47871b2,100mg,
64d3b2e1-2915-4802-b32c-0ec1aabd28da,0,Amitryptilline 25mg tablet,8846d9bf-ccd4-417b-a144-c05cbbf2dd4a,25mg,
e088ab6b-c00e-4fb4-83e1-6fdd5819a5be,0,AMLODIPINE 10MG TABLET B/1,bc20d803-f368-4177-8b36-d1812a977ae2,10mg,
0baea036-15f5-102d-96e4-000c29c2a5d7,0,AMLODIPINE BESYLATE 5MG TAB,bc20d803-f368-4177-8b36-d1812a977ae2,5mg,
7bb958ee-c2ba-4bfb-9e16-62e0c8a6283d,0,AMOXI 125MG+CLAV 31.2MG SYRUP B/1,3cd11a3c-26fe-102b-80cb-0017a47871b2,125mg/ml,
612da6aa-5dab-414b-9593-26b7af68355f,0,AMOXI 500MG+ CLAV AC 125MG TABLET,3cd11a3c-26fe-102b-80cb-0017a47871b2,625mg,
499ba39e-5dfc-431d-879f-3e4e3c450581,0,AMOXICILLIN 125MG/5ML SUSP 100ML B/1,3ccef964-26fe-102b-80cb-0017a47871b2,125mg/5ml,
42f09816-26fe-102b-80cb-0017a47871b2,0,AMOXICILLIN 250MG CAPSULE ,3cd11a3c-26fe-102b-80cb-0017a47871b2,,
fee306c7-eaa2-4e7e-86f3-a3f0f08983f2,0,AMOXICILLIN 250MG/5ML SUSP 100ML B/1,3ccef964-26fe-102b-80cb-0017a47871b2,400mg,
b59ac8f2-291a-48a7-bbf8-56cd33a3dcc6,0,AMOXICILLIN 500MG CAPSULE B/1,3ccef964-26fe-102b-80cb-0017a47871b2,500mg,
1ade709b-f054-4aed-a7de-8d043827d45d,0,AMPICILLIN 1GR INJECTION B/1,3ccf03f0-26fe-102b-80cb-0017a47871b2,1g,
daddb033-7a22-49b2-961e-ca03a417bca9,0,AMPICILLIN 500MG INJECTION B/1,3ccf03f0-26fe-102b-80cb-0017a47871b2,500mg,
2bea9ce5-cadb-4ccf-ae18-17ccf7edf43b,0,ANTI HEMORRHOID SUPPOSITORY B/1,30d65133-ddcd-4a7c-bcb9-a59f4d8c579f,,
7ece22a8-e95f-4280-a2fc-12e65a1018e6,0,anti venon serum,98d95ed3-32d9-4305-9881-877d0fde5860,,
278ecf1d-07b9-4640-8766-afcf6a2552c0,0,ANTI-D(rh)MMUNOGLOBULIN 300MCG INJ B/1 ,149e92f6-510b-4bae-a268-c7665ff851ab,250μg,
8c3a3c1b-c28e-4e78-b664-e97d44493040,0,ANTIHEMORRHOID OINTMENT 30G,e13a706b-920a-4e00-bb0f-ab768ade4e63,30mg,
477a8e4b-4c12-44b9-b0bb-d6db4b18acee,0,ANTIRABBIES VACCIN INJECTION B/1,0f67d0b4-1b7d-42bf-9429-76c2e05bed89,,
e2c6ab75-61de-45a6-8436-0506ca0588bc,0,ARTE 20MG+LUME 120MG TAB (4X6) B/30,3cd515d8-26fe-102b-80cb-0017a47871b2,,
e324e904-05c8-411b-9420-b14d6dc7e4d8,0,ARTESUNATE 60MG POWDER INJ WITH SOLVENT,fc9dd092-5a4e-4e1c-9320-840ce19b1bf8,,
8d726b2e-1906-40fe-8104-07ef6ec78620,0,Arthesunate inj,fc9dd092-5a4e-4e1c-9320-840ce19b1bf8,,
428f46bc-05e7-4b3a-9c65-f1c7a3d4314b,0,ARTIFICIAL TEARS EYE DROPS(1BTLE),7df5df61-1057-48b9-9f51-8fbe7b3367e5,,
416686a4-8aa5-4a0b-899a-364142f717ef,0,ARTIFICIAL TEARS EYE DROPS(HYPROMELLOSE),7df5df61-1057-48b9-9f51-8fbe7b3367e5,,
7158e027-bf1c-4a9e-aa22-e661f46772e9,0,ARV,3cd0032c-26fe-102b-80cb-0017a47871b2,,
6180616a-e4f4-438b-9624-10ac14406bf9,0,ASCORIL SYRUP 100ML,3ccfa3d2-26fe-102b-80cb-0017a47871b2,,
9a241342-1aa7-4a04-9b65-ecbf9c96c9a7,0,Atenolol 100mg cp,d53d1bc4-1b19-4c03-9aae-61e7662acc0e,,
0bae99f6-15f5-102d-96e4-000c29c2a5d7,0,Atenolol 50mg cp,d53d1bc4-1b19-4c03-9aae-61e7662acc0e,50mg,
6671814a-e0c3-4f78-8303-275c703dac4d,0,Atenolol ce 25mg,d53d1bc4-1b19-4c03-9aae-61e7662acc0e,50mg,
3c4ba57a-f374-4870-8d96-39fea7443495,0,ATROPINE 1MG/ML INJ,5a4e7966-796b-4fb5-a48c-a1dfe529db93,0.5mg/ml,
33120f44-3519-4757-b601-a0b5cd923aeb,0,Atropine collyre 1%,b9123e9d-5ea4-4e90-bee2-9d61f67a03bd,3%,
b029c249-5ba3-42bb-8ff2-ca36955b32b0,0,Atropine collyre 2%,5a4e7966-796b-4fb5-a48c-a1dfe529db93,0.10%,
cf03f307-2313-48a4-b7d4-ea8813c3b698,0,Auroflox (ofloxacin) 0.3% 5ml,fbd0afc6-9574-46c8-954f-1ee9cfada729,,
461549e3-d371-4713-9222-a9d5e8ec53d1,0,Beclomethazone spray 250mcg,3cd906e8-26fe-102b-80cb-0017a47871b2,,
cecad7f4-f707-42ab-baa1-28066de906af,0,BENZATHINE PENICILLINE 2.4 MEGA,84771532-25cc-49ce-ba85-92d1b1a88d02,2.4UI,
fa5c6c9b-9b97-4e2b-b889-532e4ce0ba22,0,Benzoate de benzyle fl 50ml,0fd45ca9-e5e7-4c20-b762-97db86bce5a7,,
0d724742-6921-4b91-aa89-bbe4a975414c,0,Benzyl Penicilline sodique 5MUI fl inj,71ca6bea-547f-499a-ac3d-c665abe7033e,,
c244f49c-5fc3-4b07-b596-083a8f56879f,0,BETAMETHAZONE 0.1% 15G CREAM,3cd906e8-26fe-102b-80cb-0017a47871b2,50mcg,
2f9617ec-209b-4f8b-a9a8-5ca227dd06db,0,BISACODYL 5MG B/1,1349756d-e133-4188-860b-689e6473f790,,
cb4756e5-84f3-48d3-8540-10597278fba4,0,Bronchalene sp adulte,9eacd25f-b89d-4549-839d-7ac7dc94a9d1,,
c8f3443f-cc1b-49e0-8146-8470197e624e,0,Bronchalene sp enfant,9eacd25f-b89d-4549-839d-7ac7dc94a9d1,,
420a85ff-f8ac-4c45-a429-0e14ba6bc17c,0,BUPIVACAINE 0.5% 100MG/20ML INJECTION BY 1ML,efa6003a-9416-4ff0-8c23-577570ef7ad2,0.50%,
7859bc3e-33b5-4008-9937-24846ead2db3,0,BUPIVACAINE HYPERB 0.5% 4ML INJ B/1,efa6003a-9416-4ff0-8c23-577570ef7ad2,4ml,
6f9ed543-eda4-48a7-aaf8-8160add3504e,0,BUSCOPAM 20MG/ML INJ,3cd5190c-26fe-102b-80cb-0017a47871b2,,
63a72a78-62b5-4021-b810-91adaccfe105,0,BUTYLSCOPOLAMINE 10MG TABLET,a48c6295-9454-4b0e-9392-7f7b74fb9239,10mg,
c1192db1-0e5f-46cd-95f4-04b8979996bb,0,CALCIUM  GLUCONATE 100MG/ML 10ML INJ B/1,4ac4770b-17f8-4501-a422-a2d6ee01ce67,1g,
1b50b0ad-40c5-4e9b-b9f8-9a92b7e11543,0,CAMPHER 10% OINTMENT 50GR B/1,05b76a25-8690-4e9b-a929-0f17721c6d17,,
0bae9866-15f5-102d-96e4-000c29c2a5d7,0,CAPTOPRIL 25MG TABLET B/1,4add1344-ec52-41e3-b5b9-267f19d99aa2,25mg,
203de976-82f0-403d-abbd-83f9884d6316,0,CARBAMAZEPINE 200MG TABLET,3cd51dd0-26fe-102b-80cb-0017a47871b2,200mg,
ac3381f0-8cd2-459f-9714-46e16a09e9d8,0,Carbocysteine sp,c4867e15-fb82-4e3d-98bd-b918075f9cf7,125ml,
afa59ca2-176e-466e-bfdc-aa6c6f63a97a,0,CEFOTAXIME 1G INJECTION B/1,df7bdd9d-5042-4153-9877-97cefc34bf75,1g,
6e50b2ef-366b-4a68-a231-a981ff8c8cd1,0,Ceftazime 1g inj ,610287ea-2393-4f9f-897e-9d4d7ba3916d,1g,
7a51e47d-f633-42dc-9a10-20e32b2928f0,0,CEFTRIAXONE 1 GR INJECTION B/1,3cd162b2-26fe-102b-80cb-0017a47871b2,,
d15a2e62-8c8a-4109-bef1-3d63f933ee7b,0,Ceftriaxone 250mg injectable,3cd162b2-26fe-102b-80cb-0017a47871b2,,
f2eec326-4187-459c-a7a9-3f88cea42f86,0,cetirizine dihydrochl 10mg/50ml/60ml,a8c48e91-aa93-4d29-99f6-e31313f56ae0,,
a41ec4ae-7a5f-4ab1-86b8-d7eb08c10e3d,0,CETRIZINE 10MG TAB,a8c48e91-aa93-4d29-99f6-e31313f56ae0,10mg,
923abc15-2a3c-48e1-9a83-75e01f04b572,0,Charbon active 125mg cp / Activated Charcoal 125 mg,d89dbbe0-888d-457f-9a6c-e818db9078e4,,
3b1934fb-e0dd-45fb-ab86-8b04c50d3118,0,Chloramine 500 mgr/cés,dc762c78-b228-47ec-8cc1-916eeab1e1b6,500mg,
5341eebd-7d3c-496e-97b3-e88bf01a8541,0,Chloramphénicol  injec 1 gr,3ccefbb2-26fe-102b-80cb-0017a47871b2,1g,
872041bc-58e2-4fdb-9433-7792008e3406,0,Chloramphénicol 250 mgr/cp,3ccefbb2-26fe-102b-80cb-0017a47871b2,250mg,
550be881-14e1-4286-bed4-7380447dd3db,0,Chloramphénicol collyre 10 ml/fl,3ccefbb2-26fe-102b-80cb-0017a47871b2,,
3a2c8e08-7b07-464d-b8d9-d3bdd5fa0e71,0,Chloramphénicol otique,3ccefbb2-26fe-102b-80cb-0017a47871b2,,
df641394-4934-41b3-a571-935d082dfd92,0,CHLOREMPHENICOL 0.5% 10 ML,3ccefbb2-26fe-102b-80cb-0017a47871b2,10ml,
0bcffb23-3413-4895-a766-92bf1ca79bc2,0,CHLORHEXIDINE 1.5%+CETR 15% SOL 1L BY 1ML,8597292a-a826-4e4d-96f8-86c57d631ef2,1l,
2a454d21-1d2c-447d-a2f0-75b57ac4c41b,0,CHLORPHENIRAMINE 4MG TABLET B/1,3cd512ae-26fe-102b-80cb-0017a47871b2,4mg,
0d712f15-06e1-480b-bf42-1c3c5a42101c,0,Chlorphéniramine sirop 60 ML,3cd512ae-26fe-102b-80cb-0017a47871b2,,
39c470bb-4cee-44c3-b769-f4347da67540,0,CHLORPROMAZINE 25MG TABLET,3cd5143e-26fe-102b-80cb-0017a47871b2,,
ddfb4cbb-302a-40bb-8583-d773ae64bbb7,0,CHLORPROMAZINE 25MG/ML INJECTION,3cd5143e-26fe-102b-80cb-0017a47871b2,,
42700c9d-9d2f-4fb0-a367-2799cf9f3912,0,Chlorpromazine cé 25 mgr,3cd5143e-26fe-102b-80cb-0017a47871b2,,
d70713af-2279-4c24-bd20-265bda42f16e,0,Chlorpromazine injectable 50 mgr/2 ml,3cd5143e-26fe-102b-80cb-0017a47871b2,,
f7072f7c-7c8c-4dd5-8e9b-cf6e0291a249,0,Cimetidine ces 400mg,3ce29820-26fe-102b-80cb-0017a47871b2,,
6981e32f-5bc4-429c-a57a-d543fe741cd4,0,Cimétidine cés à 200 mgr/cp,3ce29820-26fe-102b-80cb-0017a47871b2,200mg,
9f876bf2-a602-410b-9d38-15936bf16bae,0,CIMETIDINE INJ 100MG/ML 2ML VIAL,3ce29820-26fe-102b-80cb-0017a47871b2,200mg,
edc59b39-60b2-4f56-bb1d-887e0f82fc71,0,CINNARZINE TAB 25MG,e3390904-23c6-42fd-8db8-19e2c1b88f73,,
d54d625c-6894-40f8-9221-6d05fe71bb67,0,CIPROFLOXACIN 2MG/ML INJECT  100ML B/1,3cd3e154-26fe-102b-80cb-0017a47871b2,100mg/ml,
3a2c7584-2499-4e91-80cb-b656255ae692,0,Ciprofloxacine 500 mgr/cp,3cd3e154-26fe-102b-80cb-0017a47871b2,500mg,
306311d3-b289-45d6-b1e0-5d817ab9bec0,0,Ciprofloxacine collyre,3cd3e154-26fe-102b-80cb-0017a47871b2,250mg,
25e4f08f-6523-48a0-afd0-c16903501f18,0,CLARYTROMYCIN 500MG TABLET B/1,266ce144-27fa-4d87-81b2-5aa2dc6a9052,500mg,
4f95e36a-76c7-4a8e-941a-0f03cea44337,0,Clomipramine 25mg,036f9c30-4337-48f9-bd3c-35401dcba5b3,,
a6ce601d-4397-4aab-bdb9-6ff637e7c2f6,0,Clonidine 0.15mg inj. (Catapressan inj.),46e715f3-a745-430b-a33f-e9568d6bc9d6,150mcg/ml,
f552c295-c582-4e5d-97a8-09fa12f93550,0,CLOTRIMAZOLE 1% CREAM B/1,3cd64782-26fe-102b-80cb-0017a47871b2,0.01mg/mg,
9130a5d2-8e23-4484-adca-633d6fcf958d,0,CLOTRIMAZOLE 100MG VAGINAL TABLET B/6,403ea485-26ef-4a0d-8ead-94bad71add28,100mg,
ba9820e0-d2f2-4de2-b119-af4e5fa50c68,0,CLOXACILLINE 250MG GELULE,88379bb6-1df0-4fff-a115-a6e8c5b8c04b,250mg,
d8f44adc-f470-423e-9236-e7ba35159fed,0,CLOXACILLINE 500MG INJECTION B/1,88379bb6-1df0-4fff-a115-a6e8c5b8c04b,500mg,
e975cf04-3f01-42cf-8347-583cd3c8b2c4,0,CLOXACILLINN 125MG/5ML SYRUP 100ML B/1,345507fc-8836-4504-a8f2-156f6d4fd5e5,,
d80b2219-ca9f-11de-ac93-672ba0a04471,0,Co-trimoxazole 480 mgr/cp,3cd51772-26fe-102b-80cb-0017a47871b2,480mg,
d80b2f0d-ca9f-11de-ac93-672ba0a04471,0,Co-trimoxazole sirop 240 mgr/5ml susp100ml,3cd51772-26fe-102b-80cb-0017a47871b2,240mg,
0048f452-58e2-40c7-8548-fdea06aa4672,0,Co-trimoxazole sirop 240 mgr/5ml susp60ml,c10f31ab-d983-4893-a444-ea276da92c7f,,
108fa080-6e05-4c66-bc48-f00931f97d0c,0,Coartem 15-25kg blister,3ce296a4-26fe-102b-80cb-0017a47871b2,,
4139448b-8a61-1030-861c-f6b090c01423,0,Coartem 25-35kg  blister(1X18),3ce296a4-26fe-102b-80cb-0017a47871b2,,
4eab0d5f-8a61-1030-861c-f6b090c01423,0,Coartem 5-15kg blister (1X6),3ce296a4-26fe-102b-80cb-0017a47871b2,,
79997d69-1f4f-4cd8-aa03-56f2c7c76684,0,COLDCAP 100ML SUSP,ccd31f7e-801e-445d-8198-290db421b92b,100ml,
818ee1e8-ed7d-40e8-8c07-5ce9c295b252,0,COLDCAP CAPSULES 500MG,ccd31f7e-801e-445d-8198-290db421b92b,,
f37cbee0-851e-47e2-913d-e11503b828ed,0,COPHYDREX SP,f0556388-6f22-45a2-9ee1-c36dda169ba2,,
b84bbb7d-07c5-4895-9742-a251e7ff2844,0,CROMOGLYCATE SODIUM 2% EYE DROPS,05e02452-c92b-4467-82fd-739808b50ba6,,
61771395-be1d-44a2-ae6c-49112181cccd,0,cyclopentolate 1%,75015e24-6a27-407a-98c2-6c42965827d7,,
0eb9272f-30fe-4718-82ce-476eaedd6b94,0,Cyclopentolate collyre,6aa853e6-6861-4e44-a757-83dcef73d28a,,
78825e63-c9e8-4a91-b546-65166ea432e9,0,DAFLON 500MG,1b209890-39c9-4132-b03a-059f2ec38e81,500mg,
07b7b380-ecc0-4061-b3b9-7dd0bd5d65bb,0,Dexa+chloremphenicol,857d6f9e-d88c-4ea9-b2ab-1aaad403e469,,
25a77a63-a1e2-40f3-946a-aaa463e3442b,0,DEXAMET 0.1%+NEOMY 0.35% EYE DROPS B/1,84f01690-721b-425a-be79-4ef2e0051f52,0.35%,
9d7aed39-3d2d-46c5-be07-0f692ec9d664,0,dexamethasone 0.1% + genta 0.3 % eye drops collyre,7203ef6c-6427-4ecb-8035-2d4a3c5e1b80,,
3466eca8-b5fe-4f94-ba88-087c93674eda,0,Dexamethasone 0.1% collyre,7203ef6c-6427-4ecb-8035-2d4a3c5e1b80,1%,
cc350ad0-1181-453b-b554-10268854f9ce,0,DEXAMETHAZONE 4MG/2ML INJECTION B/1,81b835aa-5571-40b6-838f-2b097966d766,4mg/ml,
ecb35f87-9a82-47dc-855e-cd57f8bdf0c9,0,DIAMOX 250MG TAB,af1df5ac-797d-44b2-8446-257edad17f39,,
061e4baf-cb44-4fce-8497-663ecf9e7ea9,0,DIAMOX TAB,af1df5ac-797d-44b2-8446-257edad17f39,0.25g,
19f4f2df-23a1-42b7-9d72-26bf1ad87b9e,0,Diazepam 5 mgr/cp,3ccedb64-26fe-102b-80cb-0017a47871b2,5mg,
279e5de9-4db3-4d76-8c1e-307548f87e2c,0,DIAZEPAM 5MG/ML 2ML INJECTION B/1,3ccedb64-26fe-102b-80cb-0017a47871b2,5mg,
47fa135a-faec-408f-b618-26ac87d0e9cb,0,DICLOFENAC 25MG/ML 3ML INJECTION B/1,3cd10416-26fe-102b-80cb-0017a47871b2,25mg,
c12ba00a-c1e7-4e14-aa43-02cd912d299d,0,DICLOFENAC 50MG TABLET,3cd10416-26fe-102b-80cb-0017a47871b2,50mg,
5cd1a1bb-beaa-48be-9ac5-3be999088712,0,DICLOFENAC SUPPOSITORY 100mg  ,3cd10416-26fe-102b-80cb-0017a47871b2,50mg,
0ac1cc14-8052-4200-942c-3908d2679aa8,0,DICYNONE (ETAMSYLATE) 250MG/2ML INJ B/4,c72aadcf-6b2f-48d8-9292-9212af0f606b,250mg,
404b70a1-4dee-40e4-bdab-9b4ccfc4b575,0,dicynone 250mg tablet b/100,c72aadcf-6b2f-48d8-9292-9212af0f606b,2ml,
38a382bd-1eb4-4e53-8656-a6122c6bf6fc,0,Dicynone 500mg tb,c72aadcf-6b2f-48d8-9292-9212af0f606b,500mg,
0ced6bcf-ff7f-4369-ae11-0fd634294d84,0,Digoxine injectable 0.25 mgr amp.,d6784388-17cd-495e-a30d-b8c6814e7aa0,0.25mg,
53208bba-5347-4dfc-98ae-4dffec9385c6,0,Dopamine 40mg/ml amp 2ml,5d343545-c284-4e97-aded-c390def364c1,40mg/ml,
ab276458-f6af-4062-b603-2b3309c45869,0,DOXYCICLIN 100MG CAPSULE,3cccddbe-26fe-102b-80cb-0017a47871b2,100mg,
4c92e0c9-bbfa-4413-89a5-c05fc027e2e1,0,ECONAZOLE 2% 5ML,9a4210c8-c5c8-4eb7-8805-3d2e530371bc,,
8469e7bf-8105-4c8b-a3e4-6e3f12c78959,0,ENOXAPARIN 40MG INJECTION 4000UI B/1,bed299ae-7c3b-4db0-b098-fbb7c1357173,0.4ml,
45a8ab40-11e6-458a-89e9-1ed016242868,0,EPHEDRINE 30 MG/ML INJECTION,9cdeaf51-12dc-4cac-ba45-4bd63bad385f,30mg,
8f710f39-101f-45c6-b0cb-717ff58dfafb,0,EPHEDRINE 50MG/ML INJECTION B/1,9cdeaf51-12dc-4cac-ba45-4bd63bad385f,50mg/ml,
0d2bc8e3-f5d4-442f-a2fd-a0deb0077851,0,Erythromycine cp/250 mgr,8e334e4d-0437-416b-b110-36b6dc2baf19,,
78565450-99eb-4303-aae3-f7296e5bed40,0,Erythromycine sirop 125 mgr/5ml susp 100ml,3ccf0b34-26fe-102b-80cb-0017a47871b2,125 mg,
62a417fe-5233-48fc-9ffa-3c2e4de1813a,0,FENTANYL 0.05MG/ML 2ML INJECTION,6f0914c3-9cbe-4315-b4f6-5cfba04f9562,0.5mcg,
cf0e8612-d0ec-4da4-a2a9-0390caf86e03,0,Fer sulfate 200mg(60mg fer) cp,3cd41552-26fe-102b-80cb-0017a47871b2,,
d601cc43-fced-4bec-9d9d-c9189507974b,0,FERCEFOL SP 150ML,06a25374-10aa-4b13-b0e2-840e3a2752b9,150ml,
626ad1de-55ee-4c93-ab1b-01031bd3bb03,0,FERROU SULF200MG+ FOLIC AC0.4MG B/1,ffff518b-7092-4f67-88b5-51ac7bae1893,,
64174c30-14e3-4737-a114-4f0b5f781c1d,0,FERROUS SULFATE 200MG TAB,3ccee960-26fe-102b-80cb-0017a47871b2,200mg,
30346d0c-92a3-4b62-8c18-4656c51d24f5,0,FERROUS SULFATE/FOLIC ACID SYRUP,3cd41552-26fe-102b-80cb-0017a47871b2,,
8dfc9dcd-2047-4e75-8621-69dea0af7793,0,Flamazine(sulfadiazine 1% ointment),8cd96b43-5ef1-4f58-a127-fdd89fda3cf0,50g,
0764a548-733b-4833-a087-b14d665bbe7f,0,FLUCON EYE DROPS 3ML,3cd3ec30-26fe-102b-80cb-0017a47871b2,2mg/ml,
a69c4be4-3703-4029-affc-4a5a7fd156c8,0,Fluenxol cp 1mg,c79fdffd-668d-412b-b2c0-d72d7d0af0f7,1ml,
e635d6a7-e68f-49ff-bb16-eca005e5c74b,0,FLUORESCEIN STRIPS,19498e33-74c6-413b-919f-cf6d25156b11,,
17be9faa-181e-4538-9bef-be5311c5537e,0,FLUOXETINE 20MG,00506553-0549-4e34-8c7c-af4095adc420,20mg,
a12ca1a1-a4fb-4984-b900-f2359d1b2aec,0,FORMALDEHYDE 40% 500ML PAR 1ML,f504732b-4c82-4e07-a3c6-e29c9e01f74e,,
f23cffb5-4bdf-4d02-abbc-5654c71185c5,0,fortifier procaine peniciline bp 4 mega,3cd42dc6-26fe-102b-80cb-0017a47871b2,,
0ee13268-42e2-40b3-9e0d-b447884ef2ab,0,FUCIDINE CREAM ,db1feb61-c9a1-4272-9a5e-83839fb8dfbb,,
744ecfd4-d58c-4273-8c68-a8217e932c0c,0,Fucithalmique gel 1% 3g,520cfb99-720e-46d9-9025-d2e5980357a4,3g,
db474579-97e8-4b19-991e-635ce925c28f,0,FUROSEMIDE 10MG/ML 2ML INJECTION B/1,3ccce886-26fe-102b-80cb-0017a47871b2,,
18ad8584-c0f1-4002-8098-cb63b60de67c,0,GANVIR 1.5MG GEL OPHT,23b5c7cd-1fd8-4f62-bcb6-bf6f48361adb,,
cff97d2c-9da7-48d2-b875-2d9f828f8e85,0,GATIFLOXACINE 0.5% 5ML COLLYRE,3cda2e6a-26fe-102b-80cb-0017a47871b2,250mg,
afec40c7-97ff-4152-8cc2-c5f380dca617,0,Gatistar eye drops,67b26045-735a-4ea0-b6cc-716b808e1d6a,,
ae19ba42-d17e-4740-a5e4-05c4cca30959,0,GELOFUSINE (HAEMACEL) 500ML B/1,88a34dbb-5911-4939-bc97-1513b075a57a,,
d9fc0100-d786-40f5-9907-e879fd664c0f,0,GENTAMICIN 40MG/ML INJECTION,3ccce9f8-26fe-102b-80cb-0017a47871b2,,
9c98a9bc-946b-42a4-97bc-8635297d1b37,0,GENTAMYCIN 0.3% EYE DROPS B/1,3ccce9f8-26fe-102b-80cb-0017a47871b2,0.30%,
54aba6d1-a92c-4f15-a041-15560116dda3,0,GLIBINCLAMIDE 5 MG TAB,0084d7bd-a40f-44fb-bd18-2a1853d03ee8,5mg,
41a1a3fa-08a1-4f8d-a745-18d27afe8aa4,0,Gliclazide 80mg,ffc55f44-ae46-43fa-92a8-9a38eea1a61d,80mg,
cf94707d-8013-4050-a009-8139125448d8,0,GLUCOSE 50% 100ML INJECTION B/1,38066de8-9f70-4567-a5ff-cfc0d6b6de7a,10ml,
78c9633d-e73f-4156-b5d4-3f9a985a3fd8,0,GLUCOSE ISOTONIC 10% 250ML B/1,38066de8-9f70-4567-a5ff-cfc0d6b6de7a,10%,
0642ae20-502a-4302-850b-d2c4bc56d9f4,0,GLUCOSE ISOTONIC 5% 500ML B/1,38066de8-9f70-4567-a5ff-cfc0d6b6de7a,500ml,
88921f6f-21e5-4739-a178-934545ef45ef,0,Griséofulvine 125mgr/cés,f4bbc611-4e6e-4c03-b3d8-0af6f081223b,125mg,
f63e49a4-1e1c-40d2-998d-56106f0674fd,0,Griséofulvine 500 mgr/cés,f4bbc611-4e6e-4c03-b3d8-0af6f081223b,500mg,
592ed165-642f-4c9c-90cd-0e6a2552c295,0,Griseofulvine pommade 50gr,f4bbc611-4e6e-4c03-b3d8-0af6f081223b,,
d2ad0cb6-fedb-4e1f-8f60-5053b39d4e8b,0,HAEMACEL 4% 500ML B/1,88a34dbb-5911-4939-bc97-1513b075a57a,500ml,
29424bfa-b1e1-45be-a8f9-0e0417449cd7,0,HALOPERIDOL 5MG TABLET,69562047-dc02-4fd2-aebe-fae338929a81,5mg,
b1da9fe4-fb45-421b-ae6c-b7497417618b,0,HALOPERIDOL 5MG/ML INJECTION,69562047-dc02-4fd2-aebe-fae338929a81,,
deba729d-9198-4f9f-b0e6-83d885dc0f6f,0,HALOPERIDOL DECANOATE INJ 50MG/ML,69562047-dc02-4fd2-aebe-fae338929a81,,
d2622022-1558-40c2-9d63-3e34c167e08d,0,HALOTHANE INHALATION 1ML,2ce69deb-6c16-4541-9919-3acdd57ab2b8,1000mg/ml,
f0e3ce26-221c-4fc3-bcc1-b375c9dd1ba9,0,Hyaluronidase 1500 IU inj,3cd52bfe-26fe-102b-80cb-0017a47871b2,,
36c2df52-b5b8-413c-ba34-29036ea5f7ea,0,HYDRALAZINE 20MG INJENCTION B/1,3cd52bfe-26fe-102b-80cb-0017a47871b2,20 mg/ml - amp.1ml,
8c87f206-8a5e-4dbb-86c4-a96237f74935,0,HYDROCHLOROTHIAZIDE 25MG TABLET,3cd90ba2-26fe-102b-80cb-0017a47871b2,25mg,
dc32cac2-012e-439e-94d7-32740635a3f0,0,Hydrochlorthiazide 50 mg cp,3cd90ba2-26fe-102b-80cb-0017a47871b2,50mg,
972b287c-f737-4e75-bbc0-80b02c9f295c,0,HYDROCORTISONE 1% 15G CREAM B/1,3ccf30be-26fe-102b-80cb-0017a47871b2,15g,
ebdd421a-3146-414a-b4f3-c3e4142cbeb0,0,Hydrocortisone collyle,3ccf30be-26fe-102b-80cb-0017a47871b2,,
41a9ff41-43f7-4f6d-8ea9-06a72fac2b55,0,HYDROCORTISONE SODIUM 100MG INJ B/1,02a2e91c-b471-4cb0-b5d0-81d3fc81fc86,1%,
41a3b1b8-2070-49fe-bde7-da18e4d6e2f6,0,HYDROGEN PEROXIDE 3% SOL 120ML B/1 PAR 1ML,46754981-7c66-4185-a2ae-4a3511ecde21,120ml,
0c30f7f4-c63b-44d0-8409-0323571b911a,0,Hydroxyde d'aluminium 500 mgr/cp,79449ddf-3741-420e-8b89-a44702d809dd,,
9a1e75c3-d5fb-406c-a976-1eb8d84e6af1,0,HYPROMELLOSE 0.7% 10ML EYE DROPS,071a83c9-a8e8-4f90-b6fc-612409bc44ac,,
97548d92-e317-4c38-8b2a-806bbce4fde5,0,HYPROMELLOSE OPHT SOLUTION 2%,5f0cbcee-859e-464f-b2b2-1410aa277053,,
0dc3de58-07e3-4783-8ed3-915b8b889f4b,0,IBUPROFEN 100MG/5ML SYRUP 100ML B/1,3cd5111e-26fe-102b-80cb-0017a47871b2,100mg,
b9bd0e84-a61d-4552-a37d-3a332eb6101e,0,IBUPROFEN 400MG TABLETS,3cd5111e-26fe-102b-80cb-0017a47871b2,400mg,
8ad0e525-bfa1-4f72-96e9-64bdc444f232,0,IBUPROFENE 200MG TABLET,3cd5111e-26fe-102b-80cb-0017a47871b2,200mg,
f1e9aa14-5bfe-4a92-831d-2ab60f5ef2a5,0,Imipramine 25mg,3cd3edb6-26fe-102b-80cb-0017a47871b2,25mg,
474b684c-3850-4a43-bc57-9ea9a0b33e30,0,Indométhacine 25 mgr/gel,3ccef496-26fe-102b-80cb-0017a47871b2,25mg,
e865eef8-e5f8-4abd-9629-cf17dc5f0167,0,"INSULINE HUM 100UI/ML LENTE INJ ,LONG-ACTING",2599167a-88da-41ae-b13b-a14ac238df9e,,
f5bd48e3-600d-4b9b-9222-4ce81b7c7d6c,0,INSULINE HUM 100UI/ML RAPIDE INJ B/1,fa202316-558f-453d-babd-ba28f43a7fd9,,
708bf563-f30e-4f9b-9583-a881053475d0,0,IODINE POLYVIDONE 120ML B/1 PAR 1 ML,4969fc11-8aa3-4e62-8329-02cbe7f915ed,200ml,
ea8ac32d-7c4d-4d45-ba7f-df4426bcff71,0,ISOFLURANE LIQUID FOR INHALATION 250ML BY 1ML,fa9208a7-8c3d-4ac2-8acb-57874ba86da8,,
e12166ef-8544-46ea-91b9-dfab3a9b17da,0,KETAMINE 50MG/ML 10ML BY 1ML,93029863-7891-47c4-900f-cf0470bf2b7e,,
c931021b-c2fd-4c5a-ac5a-f5f235ab5209,0,Kétamine 50MG/ML 1ML,6326c14c-e3b0-4924-8728-f73bb16a317a,,
3903f655-1201-4e76-896f-4d7849e5d829,0,Kétoconazole cé à 200 mg,3cd52762-26fe-102b-80cb-0017a47871b2,200mg,
7a8f23a5-d927-4810-a46f-1e2a29776aee,0,Kétoconazole crème 15g (NIZORAL),3cd52762-26fe-102b-80cb-0017a47871b2,15g,
98bdb16b-57da-446e-83d5-8f25d071b501,0,ketorolac tromethamine0.5% ophtalmic solution,23b5c7cd-1fd8-4f62-bcb6-bf6f48361adb,,
2c52d219-d205-44c6-a558-8bfa20c3d62a,0,LAMUVIDINE/300+TENOF/300+EFAV/600 30TBS,e43b308c-a303-4524-b4bd-a728a9f52faf,,
7be25edf-31ee-4574-8a31-69f3e8e76391,0,LASIX (FUROSEMIDE)  40MG,3ccce886-26fe-102b-80cb-0017a47871b2,,
84ef66bd-69bb-460e-8c96-43a05c8b6327,0,LATANOPROST 0.005% W/V 2.5 ML,059aa1c4-3d38-4c5b-bc6c-bbd4286faad5,,
f06c5a99-4763-4d71-b4d1-bdaabc12d8dd,0,Levomepromazine 25mg,42ea153d-7412-443e-bf74-2b32f78fe927,,
e7ff8c85-7ad7-4e9b-8a3b-19235b45adb8,0,Lévomepromazine 25mg amp inj,42f77552-1205-4517-9c10-091b6edaf643,25 mg/ml,
a415bc77-b5d8-4ab2-a0e5-41ee315d98df,0,Lévomepromazine 25mg cp,42f77552-1205-4517-9c10-091b6edaf643,25mg,
20071873-1f79-41e8-9697-9c4002767b92,0,Lidocaine ( xylocaine ) spray 10mg/0.1ml spraydose,4d7851f4-9f21-4454-b78a-c3aa3f79b69a,1ml,
f44ba0e7-d531-44a8-a20e-aca65012b1b3,0,LIDOCAINE 2% 20ML INJECTION PAR 1ML,c23e05da-7ae1-4c66-9bc4-3e5ab17916aa,20ml,
555448f0-9ad8-449a-b109-8f16e378a74a,0,LIDOCAINE 2%+EPIN 1.8ML DENT INJ,c23e05da-7ae1-4c66-9bc4-3e5ab17916aa,15g,
cb1dc089-1812-47f6-9d8f-7b06877537a9,0,Lignocaine Hcl Inj 2%,3cd90ba2-26fe-102b-80cb-0017a47871b2,,
09ab2267-e215-467f-a79d-152ff609acae,0,LOSARTAN 50MG TABLET,98042566-aedc-442d-96b3-d055d3dd7d81,,
5edeacd0-bb76-4df2-92ae-5f018c41b032,0,MAGNESIUM SULFATE50%10MLINJECT,4eb42121-73c2-419d-ad02-274d5b32cdde,500mg/ml,
db208ea3-1d7d-4e68-afa5-81eb0ce020e0,0,Mannitol 1/2 litre à 20 % 500ml,10cd6191-75d5-474b-a824-8e4779d5f258,,
1fd46664-e229-44cd-b035-bee7bdf281f5,0,Mannitol à 20 % 200ml,10cd6191-75d5-474b-a824-8e4779d5f258,,
9101ec8d-1cce-486f-9777-f453240ec354,0,Masque  a oxygene enfant,ce053dc1-14c8-463d-93ef-f0245e9c3054,,
59e8a700-122e-460e-94bf-9fb34cdb76ee,0,Masque  pour nebulisation adulte,3cd4470c-26fe-102b-80cb-0017a47871b2,10ml,
c4613564-6ad3-4a90-80e9-88c22277f788,0,MAXIDROL eye drops,c81f35de-d5f5-44b2-9bf4-00783db9312a,,
32c80c17-6877-410c-a22a-4ef0dc3330d6,0,MAXIFLOXACIN 0.5% 5ML EYE DROPS,8df97334-d1de-48b5-b973-fa567923917a,,
da7a01e1-6098-4b6c-aa12-85c62d98c23f,0,MAXITROL EYE DROPS 5ML,c81f35de-d5f5-44b2-9bf4-00783db9312a,,
8f159af9-4dd2-43c8-8143-ceefa29c874c,0,MEBENDAZOLE 100MG TABLET B/1,3cced6b4-26fe-102b-80cb-0017a47871b2,100mg,
d5e56634-c65b-4403-bf65-f1fcc047c88a,0,MEBENDAZOLE 100MG/5ML SYRUP 30ML B/1,3cced6b4-26fe-102b-80cb-0017a47871b2,100mg,
7638ecec-3621-493a-89b9-18f9b64cdf06,0,Mébendazole 500 mgr/cp,40aa3842-a5a3-48e5-849a-c5635778d76c,,
38454d04-d24f-463b-8558-82f0ad18fbd5,0,MEROPENEM 1G IV PERFUSION,773f01e3-6df5-437d-b524-4b5713150087,,
deba04cd-e648-4202-a292-d73c78099f39,0,METFORMINE 500MG TAB B/1,b9b4898d-6aac-4548-9178-9ae6a3c378e2,500mg,
b1bd23e4-8555-4a66-9f88-94540f54b790,0,METFORMINE(GLUCOPHAGE) 850MG TABLET B/1,b9b4898d-6aac-4548-9178-9ae6a3c378e2,850mg,
c0136af7-2fbd-429f-a4da-5ee532c2643e,0,METHYLCELLULOSE OPHTALMIC 10ML,cef07143-7dd7-4512-a76e-11c97e86184e,,
b5e7e664-8b5b-4be8-8171-ece64dfc8ee1,0,METHYLDOPA 250MG CP B/1,3ccee190-26fe-102b-80cb-0017a47871b2,250mg,
ba375cd6-4e3f-4bc3-b913-01163ef5ff90,0,METOCLOPRAMIDE 10MG TAB,3cd3f25c-26fe-102b-80cb-0017a47871b2,1mg/ml,
21c525d5-b01a-441b-90f6-f9980153c25f,0,METOCLOPRAMIDE INJ 5MG/ML,3cd3f25c-26fe-102b-80cb-0017a47871b2,10mg,
1c74fd40-255c-452b-862c-de8786cd4020,0,METRONIDAZOLE 250MG TABLET,3ccec426-26fe-102b-80cb-0017a47871b2,250mg,
5feaa631-76ce-4acb-843b-25d8e248dbe8,0,METRONIDAZOLE 500MG/100ML INJ B/1,3ccec426-26fe-102b-80cb-0017a47871b2,,
1c60605d-7403-4f2b-b225-ecef63800865,0,Métronidazole ovule ,3ccec426-26fe-102b-80cb-0017a47871b2,500mg,
a9f97480-a521-41e1-ac8d-122f62516418,0,Métronidazole sirop 125 mg/5ML càc 100ml,3ccec426-26fe-102b-80cb-0017a47871b2,,
05a21ea6-efec-4d21-9337-fd720b6dcfe4,0,MICONAZOLE NITRATE 2% 15MG CREAM B/1,e5f1cfcc-e610-4b89-8491-3a1841c92ef3,30g ,
04722596-fb20-4a3e-bd26-4c659ab33669,0,Midazolam 15mg/3ml inj 1Amp,bd022fc8-c8c8-4fed-b528-fd16364f7016,,
154f34db-1f97-4deb-824b-f0309300ce62,0,MISOPROSTOL 200CP B/1,7c9418db-c53f-43d8-aa7d-631053ae9f14,200mg,
c7e3597a-4302-4133-9799-103aa2c9e7c9,0,MORPHINE 10MG/ML INJECTION B/1,9a4210c8-c5c8-4eb7-8805-3d2e530371bc,10mg/ml,
fbed76f6-34a7-4be3-a2b8-ac33fb31df79,0,morphine ces 30mg,9a4210c8-c5c8-4eb7-8805-3d2e530371bc,30mg,
53e4c056-528a-4f55-9b58-57b54d9d25bb,0,Morphine sulphate 5mg/5ml oral solution,9a4210c8-c5c8-4eb7-8805-3d2e530371bc,,
5b29efc9-ec2f-4284-8a09-9bb101d36481,0,Multivitamine sirop (100ml),3cd12b94-26fe-102b-80cb-0017a47871b2,,
854ff812-a4c3-45a2-9d2f-498583a7c0c2,0,MULTIVITAMINE TABLET B/1,3cd12b94-26fe-102b-80cb-0017a47871b2,,
2f1796a6-8a8d-1030-861c-f6b090c01423,0,NALOXONE 0.4 MG/ML 1ML,389430c7-51d8-4e64-8a78-2de18056af36,400mcg,
528bdd34-e717-4b2f-b684-419a10d968ef,0,Naxiaa collyre,59871e7a-2998-45f7-9377-5a998555707e,,
b194785a-9b4d-4127-b624-5b2da773f586,0,Néostigmine 0.5mg/ml amp 1ml,21943c96-5253-49d0-bb37-179c0dec7828,0.5mg/ml,
650ff627-c1c4-456f-a7d9-a0526979656e,0,neostigmine inj 2.5mg/ml 5ml,e3178626-c6af-4e14-b43e-07ded241e635,,
67950f1c-fc57-408b-a4a1-9113278198ff,0,NIFEDIPINE 10 MG TABLET B/1,3ccee00a-26fe-102b-80cb-0017a47871b2,10mg,
b7a9a619-c6bf-45d4-83e5-3d32bfcc9472,0,NIFEDIPINE 20MG EXTENDED RELEASE TABLET,3ccee00a-26fe-102b-80cb-0017a47871b2,,
0490e3c4-d376-4abc-9a1f-523b3a448e6a,0,Nifédipine sublinguale,3ccee00a-26fe-102b-80cb-0017a47871b2,10mg,
3a09d28b-8474-4b91-b965-d15f32130aa9,0,NITROFURANTOINE 100 MG TABLET,6bdd82c3-a3bb-476a-9a30-ce0575eb28cb,100mg,
b9686294-6dd3-44cf-900b-b7275ce7ceb7,0,norfloxacine 400mg tablet,3ccf8c8a-26fe-102b-80cb-0017a47871b2,400mg,
6e106f27-8309-45ed-bc8e-c26bfd8763c4,0,NYSTATIN 100000UI VAGINAL TABLET B/1,3cd51c36-26fe-102b-80cb-0017a47871b2,100000MUI,
6a8066f8-8f37-4eab-a4bf-729136b9e51e,0,NYSTATIN 1OOOOOUI/ML 30ML SYRUP B/1,3cd51c36-26fe-102b-80cb-0017a47871b2,30ml,
66d31b77-486e-432e-b8a3-753dbb248864,0,NYSTATIN 500000UI TABLET B/1,3cd51c36-26fe-102b-80cb-0017a47871b2,,
9b0b27ad-8a91-43b7-ab6e-3c1055c047c6,0,OMEPRAZOLE 20MG CAPSULE,3cd90d32-26fe-102b-80cb-0017a47871b2,20mg,
99b9828a-1950-49ef-b3cb-21c6bf022c61,0,ORAL REHYDRATATION SALTS 20.5 G,3ccf9144-26fe-102b-80cb-0017a47871b2,,
9f0e6d49-b522-434f-8ea0-0132e7d21816,0,OXYTOCINE 10UI/ML AMP INJ IV/IM,59a6aaf5-28ed-40b7-b397-3a8b4ca7fd7b,5g,
f8a28aee-931f-4c2e-aaae-9ed7d3f123f8,0,Paidoterin sirop,1ab28ecc-3f11-44ea-89f5-464566edcddc,100ml,
9c67f7b1-3e81-4f1b-8ca0-136553047a28,0,Papavérine 40 mgr/cp,10c93f5f-9b40-45ab-9bbe-d1b65fe6ccf6,40mg,
4e5968c7-1cb3-4645-b92a-613d5e12ee6e,0,PAPAVERINE 40MG/ML AMP INJ B/10,10c93f5f-9b40-45ab-9bbe-d1b65fe6ccf6,40mg/ml,
17d885a7-a0ad-4208-b046-d22988c92c63,0,Paracétamol 100 mgr/cp,3cccd4d6-26fe-102b-80cb-0017a47871b2,100mg,
5fb56e0a-68a7-4cde-a8d0-c59145fa582e,0,PARACETAMOL 10MG/ML INFUSION,3cccd4d6-26fe-102b-80cb-0017a47871b2,,
0bae8d58-15f5-102d-96e4-000c29c2a5d7,0,PARACETAMOL 125MG/5ML SYRUP 100ML,3cccd4d6-26fe-102b-80cb-0017a47871b2,120mg/5ml,
149a8bb5-3831-4c37-9554-a6c3a45f430d,0,PARACETAMOL 250MG SUPPOSITORY,3cccd4d6-26fe-102b-80cb-0017a47871b2,250mg,
c3de929f-738a-45f9-a6a4-aab305918ba1,0,PARACETAMOL 500MG TAB,3cccd4d6-26fe-102b-80cb-0017a47871b2,500mg,
e5258500-362f-4b68-ad2a-3f27959f65b3,0,paracetamol sup 125 mg,3cccd4d6-26fe-102b-80cb-0017a47871b2,,
3662fa1b-2a49-4459-abf8-cb14e21f25a5,0,Péni-procaïne 3 MUI FL INJ,3cd42dc6-26fe-102b-80cb-0017a47871b2,,
d3ac682c-421d-4755-93f1-3f8e54aac885,0,PENICILLIN V 250MG TABLET,3cd42dc6-26fe-102b-80cb-0017a47871b2,,
b2cc4d91-ff79-4087-86a3-838ea0bdbfbd,0,Pentazocine inj. 30mg/ml,0fea981e-fa96-4bab-977a-6be366d2272f,50mg,
ebf29c8b-c3dc-4e43-906f-b5adb93203fa,0,Permanganate de potassium ces a 500 mg,73141257-5b86-4f91-83f1-96fa1d2cf9f0,500mg,
a136addf-f8c9-42ce-b678-4df65ad89f50,0,PETHIDINE 50 MG/ML,37548f03-9a82-4db4-a334-223983660feb,50mg,
e863f077-21ac-498a-a6d1-c6067ce544f3,0,PHENOBARBITAL 100MG TABLET B/1,3ccec5de-26fe-102b-80cb-0017a47871b2,100mg,
427d80f7-ad37-477f-814d-45e4bb3aa4c3,0,PHENOBARBITAL 100MG/ML 2ML INJ,3ccec5de-26fe-102b-80cb-0017a47871b2,100mg,
72a193ea-8e10-4c3e-8cb0-edcc9c9ba634,0,Phenobarbital 30mg,3ccec5de-26fe-102b-80cb-0017a47871b2,30mg,
30d47e1f-f0a1-44b6-be13-1d6d4dd12e88,0,Phénoxyméthylpénicilline 250 mgr,0830ce50-587d-4c78-b142-3cbac3fb8413,250mg,
2d9fbefb-ca69-4175-9393-e9001fcba965,0,PHENYTOIN 100MG TABLET,3ccf0d96-26fe-102b-80cb-0017a47871b2,,
404f080c-45f6-4295-9289-729f915998a2,0,PHYTOMENADIONE 10MG/ML  INJ ,e2f8d80b-b21f-4362-aea3-0e9ed167b7ff,10mg/ml,
3f639c1a-265e-404e-bd50-741e1ee32d80,0,Pilo (Pilocarpine nitrate 2% w/v 5ml,58fab0ae-ac32-459c-b760-f67b24433210,,
e53ad080-f72f-4b53-8bf6-43b11ce82b0e,0,Polydexa gouttes otique 10ml,72f78788-8219-46c4-b040-eb3dbba1ada4,10ml,
17ce3e47-6546-48ea-86bb-2f02bcdb5872,0,polyfresh,cf67bc87-ae55-45bd-ae47-292f52df5203,,
812fe981-0e07-4e78-ad3d-70779beb376f,0,Pommade ictyolée 10%,40a9313b-d8ca-4fee-96ef-8b9c3604386f,50g,
9b49b530-32e5-4966-b7cf-a9f94e12259b,0,Post Exposure Prophylaxis(ARV),3cd0032c-26fe-102b-80cb-0017a47871b2,,
212c3535-02b0-4a15-85b1-b5ef204d640d,0,POTASSIUM CHLORIDE 11.2% INJ 20ML,6c388890-fe4b-4b87-ba38-8a6a7f6253b0,0.15%,
9c340d66-84c7-49cb-813b-7ccfd7223ecc,0,PREDNISOLONE 5MG TABLET B/1,3cd40850-26fe-102b-80cb-0017a47871b2,5mg,
4e204681-b260-4b8f-a6b3-0852b36d1a7a,0,PREDNISOLONE ACETATE  EYE DROPS 1%,dc07920e-86dd-4080-ab00-7f637fab6c28,,
39710613-d91a-4f3a-844f-4c3feba597cc,0,PREDNISOLONE EYE DROPS 0.5%,dc07920e-86dd-4080-ab00-7f637fab6c28,,
c5d4d7bd-8664-4518-ae6e-68a339321417,0,PROMETHAZINE 25MG TABLET,5f0cbcee-859e-464f-b2b2-1410aa277053,25mg,
b98dbefa-3458-4ce4-a861-a5b3ad63a80e,0,Prométhazine inject 25mgr/ml amp. 2ml,5f0cbcee-859e-464f-b2b2-1410aa277053,25mg/ml,
149870cc-cf56-43e2-865c-9a87253ffc46,0,promethazine syrop 5mg/ml fl de 100ml,5f0cbcee-859e-464f-b2b2-1410aa277053,50mg,
41403943-e306-44f0-bba8-326f46c66d6b,0,PROPACAINE HYDROCHORIDE 0.5%,061919a9-8f2b-49c5-babc-12e465181003,,
3a72d98e-d9fc-4698-bae6-c865a85751b7,0,PROPANOLOL TAB 40MG,3ccee64a-26fe-102b-80cb-0017a47871b2,40mg,
1ca01ce1-8064-45bd-a5b7-ca2b3485106a,0,Propofol 1% 10ml 10mg/ml inj,be1cd6a9-fb0b-4b6b-8ebf-ab7567dcc4c4,,
b8e512e8-963d-4974-bc49-db8dd138ac6c,0,PROPOFOL 1% 20ML 10ML/ML INJ B/1 PAR 1ML,be1cd6a9-fb0b-4b6b-8ebf-ab7567dcc4c4,,
36595132-9a90-4106-9480-7624077334cf,0,Propofol 2% 50ml,be1cd6a9-fb0b-4b6b-8ebf-ab7567dcc4c4,,
0bd3c412-afa7-4eea-8a9d-d817b7e1a59c,0,Propranolol à 40 mg cp,3ccee64a-26fe-102b-80cb-0017a47871b2,,
ee18b9c3-c5be-412f-ba83-5ab059eff58b,0,Quinine cés à 300 mgr,3cced524-26fe-102b-80cb-0017a47871b2,300mg,
d2edf05f-c9ea-459b-a6cb-807fe82f9269,0,Quinine DHCL amp  600 mgr/amp,3cced524-26fe-102b-80cb-0017a47871b2,600mg/ml,
b9033c84-268c-4a3f-831a-84abe4f31e90,0,RABIES VACCIN INJECTION B/1,3cd00796-26fe-102b-80cb-0017a47871b2,,
5d4ea5a1-5b07-44b2-9246-30bd89c7bcc5,0,RINGER LACTATE 500ML B/1,6fee775c-6739-4226-b2d4-de8489935031,500ml,
db520edc-5a9d-4fbf-b7d6-e1130f7961cd,0,SALBUTAMOL 2.5MG/2.5ML NEBULISER SOL,3cd4470c-26fe-102b-80cb-0017a47871b2,2.5mg/ml,
28c6fe4b-0eb5-44da-bea3-a5ee1593e68a,0,Salbutamol à 4 mgr/cp,3cd4470c-26fe-102b-80cb-0017a47871b2,4mg,
5744a29a-9740-4ce1-b622-b1b3074b5bd5,0,Salbutamol injectable 0.5mg/ml,3cd4470c-26fe-102b-80cb-0017a47871b2,0.5mg/ml ,
b17e3545-6900-4aa6-866f-f8bbfec2fde1,0,SALBUTAMOL SPRAY 200 DOSE B/1,3cd4470c-26fe-102b-80cb-0017a47871b2,,
f6eb0745-dcaa-4095-8d64-6ffc78e21988,0,Saline nasal drops,932bc91a-0978-4128-8a36-8db5c0bdce1c,,
b41c3361-3f3d-474f-85fe-2e794bd8f357,0,Serum antitenique( Antitetanous serum),bdc47793-2844-4849-a6bf-d97b0141efbf,,
e0dc28b2-9f7f-4846-8a2c-c203590b2d73,0,Sodium bicarbonate 8.4% amp de 20 ml,84041AAAAAAAAAAAAAAAAAAAAAAAAAAAAAAA,600mg/ml,
3dc20451-2bce-45e0-a7d4-20ef55aa8cb2,0,SODIUM CHLORIDE 0.9% 500ML B/1,8a298e94-70fb-4c36-a5d6-dc9f218b0a68,500ml,
927dc8c4-d948-40b5-8ddd-a9a7dee4a6d4,0,SODIUM VALPROATE 200MG TABLET,1a0709b5-006c-49b5-90bc-697c8567d0ee,200mg,
1267931e-24e4-4e50-ac60-2cb028ebe284,0,SODIUM VALPROITE 300MG TABLET,1a0709b5-006c-49b5-90bc-697c8567d0ee,300mg,
37e1814f-ca65-4d58-8f21-2e614bb20088,0,Spironolactone 25mg,87e3a4af-ccf8-4211-9b1c-5f52f7d3e58b,25mg,
7273a24d-0d4a-4f00-be95-82404cb19b8a,0,Sulfate de Magnesium 50% 10ml inj,4eb42121-73c2-419d-ad02-274d5b32cdde,,
61d2cd94-abae-4911-ba16-2cf3cad43271,0,SUXAMETHONIUM 50MG/ML AMP INJ B/1,eb4c3066-ac36-4ffa-8ce2-917ba19650b0,100mg,
fb642f7e-4f9a-47f8-9f6c-60dd80ab0128,0,TENOFOVIR 300MG + LAMIVUDINE 300MG + DOLUTEGRAVIR 50MG TAB,f8ddb5dd-d877-4f00-956d-6abb640bd009,,
79166a87-48b0-44c1-b69a-96bc542b9660,0,Tetracaine collyre 0.50%,a34ab7d5-4c3f-4a1b-bf27-980784def574,,
64c33f6e-6841-4006-8389-41411a2bf9f1,0,TETRACYCLINE 1% EYE OINTMENT B/1,3ccf0666-26fe-102b-80cb-0017a47871b2,0.01mg/mg,
20100b5d-2ac4-4225-be9d-cafde263383f,0,THIAMINE 100MG TABLET B/1000,2326b7b4-5fec-4254-8a7a-384343be12b2,100mg,
16141631-665d-416b-8c47-215630e21f12,0,THIAMINE HYDROCHLORIDE 50MG TABLET,8ebf4160-dd42-4dbb-ba76-9db36bb6cc64,50mg/ml,
8e85e461-480d-4d53-b2ed-a9fe870448a7,0,THIAMINE HYDROCHLORIDE 50MG TABLET,fddc5766-912a-4ca1-ad4a-b111b173a0e4,,
bf852bce-a060-40a9-a72e-96c61ba63fb7,0,THIOPENTAL SODIUM 0.5G INJECTION B/1,ced64389-f589-4183-8970-613b5ea3c23a,25mg/ml,
55cbc40e-f8d3-4267-9873-c075d3245643,0,TIMOLOL 0.5% EYE DROPS B/1,f2fc566c-2472-4193-9839-f91e5e35fcea,5ml,
3621573c-2e1d-4cb8-be43-1b99cbb24805,0,Timosol collyre,8907740e-d9ab-4dfd-bccb-af4eea707279,5ml,
0707760a-cf3c-4c6e-8df3-b88dd7fe6f62,0,TINIDAZOLE TABLETS 500MG B/1,3ccec106-26fe-102b-80cb-0017a47871b2,500mg,
6e33c911-bfa9-4503-bed4-4cec3b49439c,0,TOBRAMYCIN DEXAMETHAZONE EYE DROPS,7203ef6c-6427-4ecb-8035-2d4a3c5e1b80,,
f5b2974f-685a-4f22-9d29-1282cb25afd5,0,TRAMADOL 50MG TABLET B/1,761fcbe6-1ef6-49f6-979a-7331a0f93576,50mg,
ef7a816d-0500-4f26-8e84-fc93d0f0b503,0,TRAMADOL INJ 50MG/ML 2ML VIAL,761fcbe6-1ef6-49f6-979a-7331a0f93576,,
ed0cd352-9ae8-4f38-a275-e9f864083aa9,0,TRANEXAMIC ACID 500MG/5ML INJ,a7791920-059e-40cf-9b86-17f1545aeaa5,500mg,
e5e2431f-e339-41ba-b43b-b65a3e32946c,0,TRIMCINOLONE ACETONIDE 40MG/ML INJ,07429704-a679-428d-832e-80b0227206f1,,
c4e18a57-f9ed-46c7-9784-e129e5774c41,0,TROPICAMIDE/PHENYLRPPHYRINE EYE DROPS,3f82b689-9477-4c69-b163-4ad44af89dda,,
f76a91d3-ebac-4c7d-bfa2-feb34a40c30a,0,Trypan blue solution 0.06% w/v -1ml,6ff78c39-113e-48e2-bd8b-3d2f84565845,,
a66b6898-4b68-457f-b706-33b54ca3a365,0,vaccin hepatite B,3cd42a9c-26fe-102b-80cb-0017a47871b2,,
a73a74ff-0048-447c-9ed1-aabc07289ce6,0,vaccin hepatite B ENFANTS,23a1842d-e5bf-49ce-b6eb-a67a4a357c5f,,
04e50444-0679-4c17-8f2e-652acae26f79,0,VALPROATE SODIUM 500MG TABLET B/1,1a0709b5-006c-49b5-90bc-697c8567d0ee,300mg,
9b78364a-a63f-402e-8554-4f16511a9c56,0,VALPROIC ACID(SODIUM VALP)200MG/5ML SP,53ed50e2-d3b6-4166-963d-7a6d7d8c17e8,200mg,
517d05c4-88e1-4ce5-b4f9-df97eebd52a8,0,VECURONIUM BROMIDE 4MG INJECTION B/1,55796613-5d60-461a-8fef-7d25c46407f7,4mg/ml,
9ab69f1f-18a7-42ef-bf09-26088bc6a0a3,0,Viscote,fb84af27-c4c8-49e2-87aa-f0acf1c106f9,,
dae47064-56a1-488d-9b07-8e2f8f94aaee,0,VITAMIN B COMPLEX TABLET B/1,ec05b214-7583-4449-914a-6021431a5c8e,,
8f930bab-e54a-4b32-ad95-f3a0c0406024,0,Vitamine B complex Amp,ec05b214-7583-4449-914a-6021431a5c8e,2ml,
8ea22de6-fbd3-4f0f-be6b-85ac283cd8eb,0,Vitamine C 500 mgr/cp,70b27a63-f03d-4884-9f9d-9f4f1bf9f6c8,500mg,
0baecc5a-15f5-102d-96e4-000c29c2a5d7,0,WARFARIN TAB 1 MG,98649fa2-a68b-4bbd-b570-95a718a94924,1mg,
a3505d50-9def-4cdb-95d8-8a98161df829,0,WATER FOR INJECTION 10ML B/1,7afeda08-99d6-4844-a21d-81ce9b18fe32,5ml,
8979fb76-1f5a-472f-a2d9-7f0e5342dcbc,0,WHYTFIELD OINTMENT 20G B/1,8ab26375-d604-4cb0-b15f-d2ba51ac024c,20g,
ab65386f-797e-4a9c-9324-c61c7d942139,0,Zinc cp 10mg,5227e30b-8515-4ffa-8ece-45cd186bb132,10mg,
da6a4f78-8077-42a6-a07d-cd3ce4cbabf9,0,ZINC SULFATE TAB 20MG,11d14d62-7ceb-4e36-a40d-a2ac5dbeb5bc,10mg (comprime),