UUID,Void/Retire,Name,Description,Parent,Attribute|dhis2_uid
8d6c993e-c2cc-11de-8d13-0010c6dffd0f,1,Location-1,UNKNOWN 8765456 UNKNOWN,,
162bc695-2a78-460e-a160-2959a91ac1b9,0,Location-2,FOSAID: 1101 TYPE: CS,,
d8e85023-12b5-4fb1-b871-4ee390bd51b8,0,Location-3,FOSAID: 446 TYPE: CS,,
d1f86a18-1af0-4a89-b454-f749fb711aac,0,Location-4,FOSAID: 604 TYPE: CS,,
80302b92-065f-463c-b793-bcdc298f06f1,0,Location-5,FOSAID: 603 TYPE: CS,,
aa06dee5-d2ab-4fce-8f7b-d8fe7d812a97,0,Location-6,FOSAID: 458 TYPE: CS,,
f01de7a9-ed0f-4a2e-9c08-c5c24b8292b4,0,Location-7,FOSAID: 457 TYPE: CS,,
063a0031-ef72-4efc-901c-263abaa82583,0,Location-8,FOSAID: 455 TYPE: CS,,
762d8a79-2639-4c7b-a41f-d954033512c1,0,Location-9,FOSAID: 454 TYPE: HD,,
ec098275-651d-4852-9603-aa0e1d88297f,0,Location-10,FOSAID: 448 TYPE: CS,,
455d272e-6946-48f9-94e4-032b64d524de,0,Location-11,FOSAID: 447 TYPE: CS,,
47ff3a2d-1e62-4fce-941e-462df4a27d95,0,Location-12,FOSAID: 449 TYPE: CS,,
e2cb3aaf-ff96-4b2a-be26-a625e3dbaf2e,0,Location-13,FOSAID: 450 TYPE: CS,,
7619795b-32b1-4ac6-97cd-c4f3c16017b2,0,Location-14,FOSAID: 451 TYPE: CS,,
561281ab-53e9-47d4-ab21-c3b16adf289e,0,Location-15,FOSAID: 452 TYPE: CS,,
95d069b1-efb9-4f6e-9a56-6b3c9e5c251a,0,Location-16,FOSAID: 453 TYPE: CS,,
1f4fde47-bdfe-46d8-ae68-cb90040b4a0c,0,Location-17,FOSAID: 606 TYPE: CS,,
fe35d997-1a2b-4bc4-81c7-09ec4d7c62ea,0,Location-18,FOSAID: 463 TYPE: CS,,
2ef74356-1328-4685-81b9-c30af49bf79d,0,Location-19,FOSAID: 561 TYPE: CS,,
b7c44712-05de-4345-896a-f486f66d9fa0,1,Location-20,FOSAID: 610 TYPE: CS,,
3896a9b5-82f6-4238-a52f-fb3ce3e6e795,0,Location-21,FOSAID: 392 TYPE: CS,,
da0f9c8f-f13a-4ec9-9aba-ddb2251d8bf1,0,Location-22,FOSAID: 402 TYPE: CS,,
5500aa01-a74f-4bc1-ace1-102db992fea7,0,Location-23,FOSAID: 401 TYPE: CS,,
81fdd494-2823-4e52-9e95-7be66a0bd7c9,0,Location-24,FOSAID: 400 TYPE: CS,,
acbb0b68-c92b-453c-bf38-277917137dc8,0,Location-25,FOSAID: 399 TYPE: CS,,
93e59c54-df61-41e6-987d-c2a9e0ae4352,0,Location-26,FOSAID: 398 TYPE: HD,,
f1d046c0-e556-4b0f-83b4-21964d0a0b47,0,Location-27,FOSAID: 396 TYPE: CS,,
ba0166b8-acef-47f0-9e62-59c88902f1af,0,Location-28,FOSAID: 403 TYPE: CS,,
cbeb1325-22e8-4e1f-a0b3-e1cc96c06c9a,0,Location-29,FOSAID: 393 TYPE: CS,,
1f726738-f007-4951-8bc3-c144e8bda6c2,0,Location-30,FOSAID: 397 TYPE: CS,,
33b97f93-1d26-4b5d-ac28-3b84284717ee,0,Location-31,FOSAID: 391 TYPE: CS,,
22cd68da-964d-4e34-9361-b8444233b8a8,0,Location-32,FOSAID: 390 TYPE: CS,,
99302bef-11fb-44f9-9526-7792cffb6924,0,Location-33,FOSAID: 389 TYPE: CS,,
64084893-e033-472a-87ce-4e3d40814e50,0,Location-34,FOSAID: 388 TYPE: CS,,
11871102-69f1-4a74-847a-ae58468e4107,0,Location-35,FOSAID: 387 TYPE: CS,,
4e92360e-e38f-4fae-839c-a552f5b78691,0,Location-36,FOSAID: 386 TYPE: CS,,
78e1cd5a-835c-46c4-8a46-b88fbcc92df0,0,Location-37,FOSAID: 394 TYPE: CS,,
5e371ba7-4c27-4b88-a7b6-f6922f436805,0,Location-38,FOSAID: 395 TYPE: HD,,
3944a41f-a7c7-4d04-a282-5e33d32e6bce,0,Location-39,FOSAID: 414 TYPE: CS,,
2885a133-b251-43d0-b114-b1908ef87338,0,Location-40,FOSAID: 418 TYPE: CS,,
295bd10a-9eab-46ec-80bd-88c0062a358a,0,Location-41,FOSAID: 594 TYPE: CS,,
f17d67f9-1e00-49e2-9f2f-59553a6ff2b8,0,Location-42,FOSAID: 417 TYPE: HD,,
2a757894-d4bf-4375-9728-cbca92e323ac,0,Location-43,FOSAID: 409 TYPE: CS,,
8bc2a971-133f-415e-87df-6943c972da6d,1,Location-44,FOSAID: 659 TYPE: CS,,
59481056-b7f0-4ca4-96f8-503e0d2bf02c,0,Location-45,FOSAID: 416 TYPE: CS,,
3b7bbf21-2ca2-437c-9f05-4892a0e9edfb,0,Location-46,FOSAID: 415 TYPE: CS,,
1debcac0-7baf-43cc-990b-4535145c69b6,0,Location-47,FOSAID: 410 TYPE: CS,,
5f611867-d026-4209-8380-03c54e1633fc,0,Location-48,FOSAID: 411 TYPE: CS,,
0a0484ed-f307-4c6f-895d-fcf89980a490,0,Location-49,FOSAID: 412 TYPE: CS,,
6448c9be-f477-467a-978a-a2f18604f6b6,0,Location-50,FOSAID: 413 TYPE: CS,,
55e7e772-f7e2-4296-9bac-7e8a44a770b5,0,Location-51,FOSAID: 404 TYPE: CS,,
10ae913b-9f70-4cfe-a1c7-c0e44b6431c3,0,Location-52,FOSAID: 408 TYPE: CS,,
d1c47c13-c588-4658-85d9-1902a1c2eedb,0,Location-53,FOSAID: 407 TYPE: CS,,
20340327-5d88-42ca-97cb-7f680343f875,0,Location-54,FOSAID: 406 TYPE: HD,,
824fdc14-b119-425b-928d-52adbdfe5c3c,0,Location-55,FOSAID: 405 TYPE: CS,,
781df0af-bdd3-45de-bd5e-ac8f1ecbee44,0,Location-56,FOSAID: 429 TYPE: CS,,
aeb2edaf-980e-46c1-ba17-bf877ad0ae53,0,Location-57,FOSAID: 428 TYPE: CS,,
cd130f0f-2c07-452d-b901-1fc737fac244,0,Location-58,FOSAID: 430 TYPE: CS,,
cd38931f-77a3-4a6c-93d9-20b6539889cc,0,Location-59,FOSAID: 431 TYPE: CS,,
84303a9e-dd32-4612-bbeb-03e06e12ac71,0,Location-60,FOSAID: 432 TYPE: CS,,
d47fe69b-2689-4451-bce9-7965a6a6b702,0,Location-61,FOSAID: 424 TYPE: HD,,
211832ca-75dc-4173-84ac-d047bfc9758e,0,Location-62,FOSAID: 419 TYPE: CS,,
770f1d1f-1648-43de-a09f-2e55c102db1b,0,Location-63,FOSAID: 420 TYPE: CS,,
17ceca7c-5c4b-43d2-bc00-36930d997f8c,0,Location-64,FOSAID: 421 TYPE: CS,,
56fe9d33-3f41-429f-a9f3-14c2feadcc38,0,Location-65,FOSAID: 426 TYPE: CS,,
a172fcc0-7e30-41a8-baa8-c63a46112c17,0,Location-66,FOSAID: 425 TYPE: CS,,
77160e61-0ee4-4f21-b2ec-81cf200a61fb,0,Location-67,FOSAID: 423 TYPE: CS,,
f33327ce-ee37-419c-899d-1d548e34c363,0,Location-68,FOSAID: 445 TYPE: CS,,
de395be3-7331-4674-8548-66c49b8e495e,0,Location-69,FOSAID: 444 TYPE: CS,,
8510f9a2-608c-4fdd-b180-95264af1ea4c,0,Location-70,FOSAID: 443 TYPE: CS,,
4c8c6138-3b3d-4c23-8e1c-8c3501eaab0c,0,Location-71,FOSAID: 442 TYPE: CS,,
e37d558d-47be-480a-ba58-83778e3e97bb,0,Location-72,FOSAID: 441 TYPE: CS,,
f31f21e9-2ac7-48e6-9701-3a116ed1035f,0,Location-73,FOSAID: 440 TYPE: CS,,
8dada5dc-8ceb-4f08-9b6e-772384cc42e9,0,Location-74,FOSAID: 438 TYPE: CS,,
8e3aa88c-3b31-4cd3-b1f9-ef2ca638b2dc,0,Location-75,FOSAID: 437 TYPE: CS,,
69579a67-e862-4700-ac31-84d47f0751e3,0,Location-76,FOSAID: 436 TYPE: HD,,
581ee13f-d6ac-4b4c-820b-f7e907e5273c,0,Location-77,FOSAID: 433 TYPE: CS,,
5f119d10-4d6b-432f-aac3-c8acb4ba26cd,0,Location-78,FOSAID: 439 TYPE: CS,,
df3aa1f2-553a-4e0f-b3d2-b99a19d7aaf2,0,Location-79,FOSAID: 435 TYPE: CS,,
42591d82-b17f-4280-965f-3777e8d0bbb1,0,Location-80,FOSAID: 434 TYPE: CS,,
46c41825-7251-48f8-a0e5-1cd3d0847bab,0,Location-81,FOSAID: 371 TYPE: CS,,
ea5690c1-1c52-4136-baa6-4fb70cc6cd6e,0,Location-82,FOSAID: 372 TYPE: CS,,
2fa88242-1b17-4b09-b5b9-b6c21f7f0445,0,Location-83,FOSAID: 373 TYPE: CS,,
9ad69461-4b9b-4672-bed0-6a96a922b735,0,Location-84,FOSAID: 375 TYPE: CS,,
e6e8afa3-b033-4ef4-bdd2-c2f9482b6bfe,0,Location-85,FOSAID: 376 TYPE: CS,,
b42c909a-536f-483d-ae93-30ff884a04ff,0,Location-86,FOSAID: 374 TYPE: CS,,
a66a9dc2-79c5-42ac-8ac7-3bf647b6030a,0,Location-87,FOSAID: 367 TYPE: CS,,
a72ce965-5d3e-4c79-a030-d9d420c123fc,0,Location-88,FOSAID: 368 TYPE: CS,,
54d5aa00-3ae4-423e-8472-9e732da6e9d6,0,Location-89,FOSAID: 369 TYPE: CS,,
c08417a6-f3ac-4652-a862-9160947a5ac1,0,Location-90,FOSAID: 370 TYPE: CS,,
0fc4e4fa-ed95-4427-acbe-7c903aee029c,0,Location-91,FOSAID: 366 TYPE: CS,,
5385ec45-d744-4c23-a369-e9c7104be114,0,Location-92,FOSAID: 642 TYPE: CS,,
9c944c73-3f12-45f1-ace9-6f04db0250a9,0,Location-93,FOSAID: 384 TYPE: CS,,
561e6694-2a1b-49c3-8649-b9aad8f6f7d2,0,Location-94,FOSAID: 383 TYPE: CS,,
badf3ed1-cac3-40b5-8cc7-37aa6d0bbbe8,0,Location-95,FOSAID: 382 TYPE: CS,,
fde1e849-19d6-4b64-99f9-5150b1ffa3aa,0,Location-96,FOSAID: 385 TYPE: CS,,
3ca2c893-95a0-400c-8e6a-212bdfdff4c0,0,Location-97,FOSAID: 381 TYPE: CS,,
74cfd3fa-ab0a-4739-8fa7-39b99feb0e12,0,Location-98,FOSAID: 380 TYPE: HD,,
8114138e-8a0a-4026-840d-52320775a81e,0,Location-99,FOSAID: 643 TYPE: CS,,
4ae2a697-8f2e-4f21-a5aa-75f40738900f,0,Location-100,FOSAID: 379 TYPE: CS,,
ea7bf080-00a5-458c-aa5c-16b72ddd20c5,0,Location-101,FOSAID: 378 TYPE: CS,,
53f49733-211c-4f5d-b6f9-7ad4ea2b2cb8,1,Location-102,FOSAID: 377 TYPE: CS,,
2d7b6011-8a7c-4f80-8eee-f121ec58322a,0,Location-103,FOSAID: 364 TYPE: CS,,
729ad5f6-b7db-49ee-b3a1-c800c6db3f48,0,Location-104,FOSAID: 357 TYPE: CS,,
af48c023-2049-41e8-8e26-d00c84697586,0,Location-105,FOSAID: 358 TYPE: CS,,
c0bd5ed6-d4c7-49ce-9968-d58ded3ee976,0,Location-106,FOSAID: 359 TYPE: CS,,
ea8c34d8-45d8-4e46-9de6-22ad6a9d1a8a,0,Location-107,FOSAID: 354 TYPE: CS,,
51749acf-df67-4558-99a3-f7d724da865f,0,Location-108,FOSAID: 361 TYPE: CS,,
0bcbfc2e-e453-406a-a1ef-6af422067901,0,Location-109,FOSAID: 356 TYPE: CS,,
8dd03756-5398-433f-bcd9-262db9790350,0,Location-110,FOSAID: 362 TYPE: CS,,
19f0ae12-1825-41fd-b3c4-42bad1d7c744,0,Location-111,FOSAID: 363 TYPE: CS,,
27f3288d-1257-42b9-8e18-62386cacdaba,0,Location-112,FOSAID: 355 TYPE: CS,,
8c107faa-48b9-4d8d-b138-5261437d945e,0,Location-113,FOSAID: 360 TYPE: CS,,
93c28bbc-d1eb-4de5-b9ed-5a838935964c,0,Location-114,FOSAID: 365 TYPE: HP,,
c135dede-5f26-4932-acb4-cb952efbc27f,0,Location-115,FOSAID: 585 TYPE: CS,,
4285ea23-71c8-498b-a652-15de199c7dc0,0,Location-116,FOSAID: 497 TYPE: CS,,
9e75d7fa-b277-4398-9ce7-434e5402e5cc,0,Location-117,FOSAID: 605 TYPE: CS,,
3bc0772c-5c1b-45a3-9535-990e45d43395,0,Location-118,FOSAID: 505 TYPE: CS,,
e1572598-1c5e-422c-85ef-c09fd40ba9e1,0,Location-119,FOSAID: 329 TYPE: CS,,
5836f976-06ba-474b-a66e-16ac04aa1adb,0,Location-120,FOSAID: 586 TYPE: CS,,
099743b5-698e-4609-92e3-c3314a51dbae,0,Location-121,FOSAID: 331 TYPE: CS,,
726e1d91-3c71-4441-91a7-f279335c88ab,0,Location-122,FOSAID: 332 TYPE: CS,,
4f0f0ce2-5ee8-4c4c-8706-dc70ac94ce55,0,Location-123,FOSAID: 324 TYPE: CS,,
94077b5b-411d-4686-90a1-e9e055ba7674,0,Location-124,FOSAID: 330 TYPE: CS,,
74718bfd-84c7-438e-a29e-d3d69544ab65,0,Location-125,FOSAID: 326 TYPE: CS,,
25527606-fe7f-46e5-be95-b1d063370545,0,Location-126,FOSAID: 328 TYPE: CS,,
d8046a12-f1ec-4516-871d-e572ad89dccc,0,Location-127,FOSAID: 320 TYPE: CS,,
72aa8431-7cb5-4b83-a663-d2e34e86f483,0,Location-128,FOSAID: 321 TYPE: CS,,
5baf5f97-9d6a-49f8-9d0f-435a6503f5b1,0,Location-129,FOSAID: 322 TYPE: HD,,
0b0855d6-335f-4cf6-af0e-22903349f8e1,0,Location-130,FOSAID: 323 TYPE: CS,,
4b6bbe80-408d-416a-bedd-06a2a83a1b78,0,Location-131,FOSAID: 325 TYPE: CS,,
18335a0f-caf7-41d5-9c3f-be4bd875479f,0,Location-132,FOSAID: 327 TYPE: CS,,
763f1dab-fb5c-446d-8da4-59cabadda384,0,Location-133,FOSAID: 298 TYPE: CS,,
9df68926-e814-4a8b-823a-2690094c6e8d,0,Location-134,FOSAID: 299 TYPE: CS,,
85c5d63e-ce4b-4f37-a025-2e9d2017f037,0,Location-135,FOSAID: 300 TYPE: CS,,
6afa6c20-89bb-4e2a-85a3-ab02473c2e74,0,Location-136,FOSAID: 301 TYPE: CS,,
c7d1f690-b654-409e-8ece-dec6d7f9ee54,0,Location-137,FOSAID: 297 TYPE: HD,,
67c1d672-c453-48e2-847d-6a29ec47e03b,0,Location-138,FOSAID: 303 TYPE: CS,,
9b1659f1-a3c9-4dcd-997a-7f109cc7a507,0,Location-139,FOSAID: 304 TYPE: CS,,
c2ebffb3-c13c-4133-b8e1-7da929e474f3,0,Location-140,FOSAID: 305 TYPE: CS,,
0d304fa5-4263-4911-899b-f9921da6bd11,0,Location-141,FOSAID: 306 TYPE: CS,,
c463f481-59da-4599-8be8-9f838e747a36,0,Location-142,FOSAID: 307 TYPE: CS,,
02624801-43a9-4d44-8805-8816c806a069,0,Location-143,FOSAID: 302 TYPE: HD,,
66c831d5-4b1b-4c40-8e1d-2e4946779016,0,Location-144,FOSAID: 292 TYPE: CS,,
d40a8e76-7bb0-469d-beb5-5497f24a978d,0,Location-145,FOSAID: 287 TYPE: CS,,
b59d003c-a3f2-44be-9e22-13b3567f9bc3,0,Location-146,FOSAID: 288 TYPE: CS,,
0f9fd4ac-a21c-427a-8772-be99725191f0,0,Location-147,FOSAID: 289 TYPE: CS,,
01747629-2c50-484a-97dc-a296c998e0d2,0,Location-148,FOSAID: 291 TYPE: CS,,
b970efa6-2d32-4875-84ae-75fa05b4e44e,0,Location-149,FOSAID: 293 TYPE: CS,,
2009411d-2fc5-4858-ace0-5479c90339a4,0,Location-150,FOSAID: 294 TYPE: CS,,
6cef13d7-090b-4217-b0a2-bd8234f63b56,0,Location-151,FOSAID: 295 TYPE: CS,,
07b163bc-fd16-4141-b324-23cf684e37d1,0,Location-152,FOSAID: 290 TYPE: CS,,
62996db9-2da8-49cc-b9ca-2507c2480fa6,0,Location-153,FOSAID: 342 TYPE: CS,,
c7481de9-9aa8-403e-a116-6afecad26b2e,0,Location-154,FOSAID: 341 TYPE: CS,,
2c735b7c-edac-426a-9fb5-f1027414d58c,0,Location-155,FOSAID: 352 TYPE: CS,,
ba77317e-d5a1-45a8-a904-1b56ebd8473f,0,Location-156,FOSAID: 461 TYPE: CS,,
5755eadc-b9c1-45c9-9a49-3a4dd5435773,0,Location-157,FOSAID: 353 TYPE: CS,,
1d78d3f2-5960-47bb-9e63-576689e20742,0,Location-158,FOSAID: 351 TYPE: CS,,
9b0424aa-d041-41fc-93bd-afeb5a2bd9f2,0,Location-159,FOSAID: 340 TYPE: CS,,
edfdb3fe-0336-4371-8a15-5746e9447d5f,0,Location-160,FOSAID: 349 TYPE: CS,,
cdd314c9-9bdb-4489-8219-35fe49164697,0,Location-161,FOSAID: 338 TYPE: CS,,
9546500e-131f-43c3-abea-0cf3f4018312,0,Location-162,FOSAID: 348 TYPE: CS,,
4daa079a-45bf-43a0-813e-0ccbd89a9ef5,0,Location-163,FOSAID: 347 TYPE: CS,,
a315d613-72d4-4996-9751-5e2754f3ffd5,0,Location-164,FOSAID: 343 TYPE: CS,,
b4e28223-cc74-4176-a629-1b6c912aadbe,0,Location-165,FOSAID: 346 TYPE: CS,,
bcba2aee-29db-4631-a63c-8ff7e3427552,0,Location-166,FOSAID: 345 TYPE: CS,,
06510126-d76b-4fd2-88be-703478154df4,0,Location-167,FOSAID: 344 TYPE: CS,,
477eed67-f419-4b91-8906-494e22274c3c,0,Location-168,FOSAID: 350 TYPE: CS,,
1f82840b-6961-441e-93be-46404ff7fd1d,0,Location-169,FOSAID: 333 TYPE: CS,,
f0915cd9-aba0-41d8-9a70-7b7b2c4f8633,0,Location-170,FOSAID: 339 TYPE: CS,,
d26d4975-c005-43ee-85cf-5d6b9841eabe,0,Location-171,FOSAID: 334 TYPE: CS,,
ea90e1cc-dd57-4619-9e60-f45303a0c1dc,0,Location-172,FOSAID: 335 TYPE: CS,,
7592939c-ef6f-4a4b-a00d-4858588fafb5,0,Location-173,FOSAID: 336 TYPE: HD,,
8e35fb07-a3dc-4793-9354-f0d47eb14e12,0,Location-174,FOSAID: 337 TYPE: CS,,
ba2dbd87-d206-4ec4-9304-dff97235a57f,0,Location-175,FOSAID: 318 TYPE: CS,,
89ab737e-ac4f-48ed-9a94-403309f54de2,0,Location-176,FOSAID: 319 TYPE: CS,,
66e19c71-487a-427d-a415-47de73fdb94c,0,Location-177,FOSAID: 602 TYPE: CS,,
c226cf26-a48e-450e-8ce5-c0416a4ac370,1,Location-178,FOSAID: 623 TYPE: CS,,
af57e8c8-897b-4694-86e2-f9d6f63b0d31,0,Location-179,FOSAID: 317 TYPE: HP,,
efafe33b-f828-4c16-b62c-e9cdd9f8d203,0,Location-180,FOSAID: 1103 TYPE: CS,,
38ae788d-ff35-4f62-9da5-9ef182878871,0,Location-181,FOSAID: 313 TYPE: CS,,
a6c9f57b-a997-4591-a3ab-65546b4c81fa,0,Location-182,FOSAID: 308 TYPE: CS,,
b05c1789-357c-4ca8-bca4-c6282cc1dd69,0,Location-183,FOSAID: 309 TYPE: CS,,
3a95ad07-1449-4804-8d90-0d742f77684d,0,Location-184,FOSAID: 310 TYPE: CS,,
1bdb50f2-ae1d-44fa-8e4b-006571674ead,0,Location-185,FOSAID: 312 TYPE: CS,,
ce50d56d-6f94-4aa9-a476-e452da395f34,0,Location-186,FOSAID: 314 TYPE: CS,,
97c9c3f4-cd44-4bdb-a8ff-90b07a009048,0,Location-187,FOSAID: 315 TYPE: CS,,
3fdf6c03-2633-422b-b2e8-5ac9a8c3c5c1,0,Location-188,FOSAID: 286 TYPE: CS,,
e37ec3b8-7de0-4ced-912e-a8b2efa5ef5d,0,Location-189,FOSAID: 284 TYPE: CS,,
d42fd628-a886-4a40-ba7a-d7900ada028b,0,Location-190,FOSAID: 516 TYPE: CS,,
37d66806-a03b-4bd9-9603-55f4d28cf76a,0,Location-191,FOSAID: 285 TYPE: CS,,
1006d639-19e6-4152-b239-9dc8b29f1a48,0,Location-192,FOSAID: 517 TYPE: CS,,
c153aa08-2a90-48d6-9586-2f1463b8abf8,0,Location-193,FOSAID: 518 TYPE: CS,,
fde7e88c-eac7-4c03-a194-b64eb6378e84,0,Location-194,FOSAID: 279 TYPE: CS,,
f8de425a-0811-4202-97db-43bd4b9da31a,0,Location-195,FOSAID: 273 TYPE: CS,,
1ff06786-d0ab-49b8-ab66-182a21379037,0,Location-196,FOSAID: 272 TYPE: CS,,
f102c8fc-75e9-43b3-902e-478a2d181b43,0,Location-197,FOSAID: 1231 TYPE: CS,,
982de6ca-2d8d-4f15-a2c1-3252bb788fd8,0,Location-198,FOSAID: 271 TYPE: CS,,
0565763d-1939-4930-a0c5-13fef4f81e70,0,Location-199,FOSAID: 274 TYPE: CS,,
7ba2780b-307f-4634-8597-54380dff2a2e,0,Location-200,FOSAID: 275 TYPE: CS,,
9b3cf0f7-7f85-4081-a1c8-e4da43c00987,0,Location-201,FOSAID: 278 TYPE: CS,,
51b08559-2e28-4ffe-bbd9-2d3d4e211cce,0,Location-202,FOSAID: 277 TYPE: CS,,
6463b4ef-299e-4172-b286-a617cee2803e,0,Location-203,FOSAID: 281 TYPE: CS,,
01dc930d-613b-4d2e-9fb8-a6f41aeb829e,0,Location-204,FOSAID: 283 TYPE: CS,,
ec0f55db-2da0-4f71-91e5-433b51cad1b7,0,Location-205,FOSAID: 282 TYPE: HD,,
4baa05a5-904a-41f1-9ff8-b0ac79ed5c71,0,Location-206,FOSAID: 276 TYPE: CS,,
862ef616-0008-4f20-87c4-8170087a0801,0,Location-207,FOSAID: 280 TYPE: CS,,
8b5165f3-dbca-41a4-9924-2e625dd4e8a0,0,Location-208,FOSAID: 163 TYPE: CS,,
ab7e2618-e37c-4887-9b28-c8abcc5bbf8d,0,Location-209,FOSAID: 164 TYPE: CS,,
e4a323f9-a624-46a2-a547-9d5c8accc4d1,0,Location-210,FOSAID: 166 TYPE: CS,,
ae09d62d-fd35-44d0-af80-cd7e1b506888,0,Location-211,FOSAID: 159 TYPE: CS,,
54d62e2b-99b6-4363-b9ec-9782dfbc95dd,0,Location-212,FOSAID: 165 TYPE: HD,,
2a6322a4-0dc3-4782-a4de-200fd2749ad9,0,Location-213,FOSAID: 160 TYPE: CS,,
b1e56045-c3ff-4142-8a27-80f393f8eff1,0,Location-214,FOSAID: 162 TYPE: HD,,
e5d847e5-9d57-4e31-ba8a-cf57516ac748,0,Location-215,FOSAID: 154 TYPE: CS,,
a4cd39ee-fb20-4363-9e09-1b885e705bfe,0,Location-216,FOSAID: 155 TYPE: CS,,
7fa6994d-ca9e-4cce-ac8f-a1d798a200d1,0,Location-217,FOSAID: 156 TYPE: CS,,
b4a35329-4b84-4271-a87e-b4e97bebaaba,0,Location-218,FOSAID: 158 TYPE: CS,,
405ca9b7-e7b5-4aea-a708-05a357a31137,0,Location-219,FOSAID: 157 TYPE: CS,,
0985b967-7aa4-46a6-9a95-742ca3e7fb46,0,Location-220,FOSAID: 462 TYPE: CS,,
2f322148-d539-4aa0-beb6-607bd4b4bf73,0,Location-221,FOSAID: 176 TYPE: CS,,
404099ea-8f3e-4184-8cc4-bd6db94c096d,0,Location-222,FOSAID: 175 TYPE: CS,,
e681519c-6082-41f8-a191-d44427099a45,0,Location-223,FOSAID: 174 TYPE: CS,,
a7624c16-97d5-4a9a-9b4d-0b28b9242250,0,Location-224,FOSAID: 173 TYPE: CS,,
0f8220c2-8515-4539-ad8f-217fecb31ced,0,Location-225,FOSAID: 617 TYPE: CS,,
0ec0b7c8-c34b-424c-8fe4-a090137cffa8,0,Location-226,FOSAID: 172 TYPE: CS,,
3196a027-1c57-4346-badf-37acd6348a47,0,Location-227,FOSAID: 171 TYPE: CS,,
db53830f-dc54-4eb8-a856-cf43ba252c28,0,Location-228,FOSAID: 170 TYPE: CS,,
c2d63b30-f6e1-43c1-9408-901c397a33a3,0,Location-229,FOSAID: 169 TYPE: HD,,
6cb9100b-bf77-4e6a-a0b3-e0d2cfd3eb64,0,Location-230,FOSAID: 167 TYPE: CS,,
a5b33308-6211-439a-bece-02d7e617e198,0,Location-231,FOSAID: 230 TYPE: CS,,
947f0af5-a849-407a-ab58-b32693e8050c,0,Location-232,FOSAID: 231 TYPE: CS,,
deadd6d1-b91f-4a61-935b-2be61b94fa63,0,Location-233,FOSAID: 232 TYPE: CS,,
73892a0d-00a0-4cc1-9db2-1fa0ca9c1a19,0,Location-234,FOSAID: 225 TYPE: HD,,
93649710-fb2a-4aa1-9db5-0e214065683b,0,Location-235,FOSAID: 223 TYPE: CS,,
494e0611-1206-4dc7-ac33-ce1b2ce4cf90,0,Location-236,FOSAID: 224 TYPE: CS,,
73d1eaae-1903-4fa6-9ee5-2b9941d225d5,0,Location-237,FOSAID: 228 TYPE: CS,,
eb3bc327-4faf-4a9c-8b43-6ba181844b03,0,Location-238,FOSAID: 229 TYPE: CS,,
a7b3cdff-3d51-47fd-bb80-11c069556276,0,Location-239,FOSAID: 226 TYPE: CS,,
e13b68ab-dfc9-40e9-847d-3827c7222f6b,0,Location-240,FOSAID: 227 TYPE: HD,,
bbac350a-2c78-4796-9e55-abea18027c16,0,Location-241,FOSAID: 234 TYPE: CS,,
8ec84a41-a160-4d52-a06a-a3b6f875ee4f,0,Location-242,FOSAID: 235 TYPE: CS,,
afdfffc7-4838-4c30-9d36-6de7bd060814,0,Location-243,FOSAID: 236 TYPE: CS,,
1f3590ea-cba9-4cba-9a7b-dc41ebe9f212,0,Location-244,FOSAID: 233 TYPE: CS,,
d990095f-287d-4efd-b4b3-49740cb255cd,0,Location-245,FOSAID: 222 TYPE: HD,,
6e2c14ca-3db5-4d74-8dd2-aadfe3dac4bc,0,Location-246,FOSAID: 215 TYPE: CS,,
babea437-e4be-4632-b492-014bfee5a732,0,Location-247,FOSAID: 220 TYPE: CS,,
d65b94a3-9d59-4821-8a98-f40a3d62e663,0,Location-248,FOSAID: 221 TYPE: CS,,
487a9fbb-b0db-465d-8944-346d128813f3,0,Location-249,FOSAID: 206 TYPE: CS,,
5af24563-d467-4b4e-a23f-4689a230e2a7,0,Location-250,FOSAID: 207 TYPE: CS,,
b65546f7-e17e-451d-9de2-806b083387ed,0,Location-251,FOSAID: 208 TYPE: CS,,
20f7929f-a93e-4398-a1b9-cf101f00613c,0,Location-252,FOSAID: 209 TYPE: CS,,
d30c5333-b9d4-42ca-a585-da340da31cbb,0,Location-253,FOSAID: 210 TYPE: CS,,
512a2918-2811-48fb-8c4d-3ae115766729,1,Location-254,FOSAID: 211 TYPE: CS,,
5d2ae19d-97ed-40aa-a8f0-fa2a69201558,0,Location-255,FOSAID: 212 TYPE: CS,,
0850fc93-8f82-4961-8ee3-620ee7613954,0,Location-256,FOSAID: 213 TYPE: CS,,
c179b064-616f-44dc-8ab2-d003cf01e9ee,0,Location-257,FOSAID: 214 TYPE: CS,,
4600aa28-f920-4abb-9f50-93ad1a8b6f7e,0,Location-258,FOSAID: 219 TYPE: CS,,
d9230438-1e59-4f7e-bb24-820bf55730f6,0,Location-259,FOSAID: 218 TYPE: CS,,
2113f4b8-96be-4875-b613-b62dabd7f356,0,Location-260,FOSAID: 217 TYPE: CS,,
d2dccd16-438d-4a2d-a4f8-6749dd04d60d,0,Location-261,FOSAID: 216 TYPE: CS,,
80f18df1-3c5b-46f7-8dee-7490c6d8405e,0,Location-262,FOSAID: 254 TYPE: CS,,
73e7c531-4a2e-44fc-b3f7-a9bb2ea607fd,0,Location-263,FOSAID: 573 TYPE: CS,,
30f4fec9-06d3-414b-8ccc-8df59ceac650,0,Location-264,FOSAID: 252 TYPE: CS,,
5ea54028-81f0-4c88-9552-53710dae1aa2,0,Location-265,FOSAID: 265 TYPE: CS,,
77b5cbdd-9487-41f1-9a23-d47716639684,0,Location-266,FOSAID: 257 TYPE: CS,,
0a9d8c6d-c278-41dd-ad27-9c2cf3a0b86b,0,Location-267,FOSAID: 267 TYPE: CS,,
a36b928b-a11a-4bc1-8a45-cb4ce61a10fa,0,Location-268,FOSAID: 255 TYPE: CS,,
09425a29-4456-48af-9566-186b9b037887,0,Location-269,FOSAID: 266 TYPE: CS,,
0cef3a51-a8b0-4b4f-a36b-e61384d70631,0,Location-270,FOSAID: 268 TYPE: CS,,
cf7621ae-ed90-4b55-9a3f-057a0a747ee0,0,Location-271,FOSAID: 256 TYPE: CS,,
4bd36311-cbea-42f6-9724-1152f1073d3a,0,Location-272,FOSAID: 546 TYPE: CS,,
719fd56b-c921-41eb-bc76-890e0b02a8d3,0,Location-273,FOSAID: 253 TYPE: HD,,
c6d5d1d4-dd06-46cd-98a0-d1054040ff87,0,Location-274,FOSAID: 261 TYPE: CS,,
1da880a8-5bfd-4274-8b69-22ede241d7c9,0,Location-275,FOSAID: 262 TYPE: HD,,
0ce97e7f-8f38-4183-b027-d2be7a882178,0,Location-276,FOSAID: 264 TYPE: CS,,
ea0bfbf8-a78d-458d-b229-87c6eb658ddb,0,Location-277,FOSAID: 270 TYPE: CS,,
2180986f-284d-4437-b0d7-e878556e4f9e,0,Location-278,FOSAID: 260 TYPE: CS,,
57c22657-3411-4d7f-b44d-a0443a26aaad,0,Location-279,FOSAID: 263 TYPE: CS,,
f4a2f69a-c905-4ccf-9b73-9e4dfb3ace96,0,Location-280,FOSAID: 269 TYPE: CS,,
cebf8df7-597c-4fa4-af34-86562aa23c11,0,Location-281,FOSAID: 258 TYPE: CS,,
4fa7e872-f0a7-4681-990a-32e85c2e10cc,0,Location-282,FOSAID: 259 TYPE: CS,,
c54ce9a2-7ff8-4d4b-a031-c54ae0a51a0b,0,Location-283,FOSAID: 1232 TYPE: CS,,
92477cae-078a-42f8-87e0-ac9c37989d67,0,Location-284,FOSAID: 203 TYPE: CS,,
2097fcbe-9ec7-4d4c-8d6e-eb19b5f6c49e,0,Location-285,FOSAID: 195 TYPE: CS,,
585dae0d-52ee-4dfe-9565-3db82e69cc89,0,Location-286,FOSAID: 196 TYPE: CS,,
1c3691a3-568b-4478-83a9-0597ef27eb81,0,Location-287,FOSAID: 197 TYPE: CS,,
b525c297-1fdb-4691-84e8-d32a40aa83ab,0,Location-288,FOSAID: 198 TYPE: CS,,
8e97022b-0fe0-4034-b1d0-055b85b30681,0,Location-289,FOSAID: 199 TYPE: HD,,
2bd52c69-278f-4e7f-9838-433c66da7265,0,Location-290,FOSAID: 200 TYPE: CS,,
88c29bce-9edf-4896-8ba4-73e5decc413b,0,Location-291,FOSAID: 201 TYPE: CS,,
424c0291-5cff-42f5-92f4-55ac830c2b8d,0,Location-292,FOSAID: 202 TYPE: CS,,
7542726e-103a-41f6-a089-936d6d1477d0,0,Location-293,FOSAID: 204 TYPE: CS,,
ba7c0cfb-2cf5-46bc-90d3-08d5948ef91e,0,Location-294,FOSAID: 242 TYPE: CS,,
3df25c7b-5527-4201-90fb-75dc84dcaa10,0,Location-295,FOSAID: 243 TYPE: CS,,
9419c5fd-4836-4083-93ce-0c63d53b5d23,0,Location-296,FOSAID: 251 TYPE: CS,,
c1e9b9c2-d61e-4897-8ede-9a8055a48a4e,0,Location-297,FOSAID: 248 TYPE: CS,,
2397f219-99c8-428a-a726-4d2b33687f65,0,Location-298,FOSAID: 247 TYPE: CS,,
f9994d85-c581-4035-a7c4-6eb055596712,0,Location-299,FOSAID: 246 TYPE: CS,,
8b6d0986-6524-4da2-8cb1-b23feb9b6795,0,Location-300,FOSAID: 238 TYPE: CS,,
04b30a94-4834-4354-a673-669772e39584,0,Location-301,FOSAID: 241 TYPE: HP,,
a6124ab5-daed-4ab8-b236-7a4c7b743257,0,Location-302,FOSAID: 237 TYPE: CS,,
6d51dd71-87de-4571-acf8-4f7890c065a8,0,Location-303,FOSAID: 250 TYPE: CS,,
3e45d46e-79cb-4e3c-896e-9dbef93f8023,0,Location-304,FOSAID: 240 TYPE: CS,,
0becab52-0cfa-4f9f-bbf4-1c13a79caf30,0,Location-305,FOSAID: 1233 TYPE: CS,,
64f756fe-369e-4672-8ff0-94ed23c3b10a,0,Location-306,FOSAID: 249 TYPE: CS,,
2909d3b3-ebbe-4b23-9b6a-dd4d546188c6,0,Location-307,FOSAID: 651 TYPE: CS,,
5fc8b229-b301-4f54-98d4-70422b24165e,0,Location-308,FOSAID: 239 TYPE: CS,,
4c88f04d-cc07-4368-bab4-f112aabf0ef2,0,Location-309,FOSAID: 244 TYPE: CS,,
06f0d848-5fc5-464c-972a-022c857be67f,0,Location-310,FOSAID: 245 TYPE: HD,,
587b1523-361f-4947-be8c-a56fef530348,0,Location-311,FOSAID: 187 TYPE: CS,,
3dc306db-dead-43b0-ac96-6566324f9d9d,0,Location-312,FOSAID: 186 TYPE: CS,,
a2248699-2329-4e69-8425-5ea4fd95110f,0,Location-313,FOSAID: 179 TYPE: CS,,
617a1547-b96d-42d9-a944-d599f06dc1e3,0,Location-314,FOSAID: 177 TYPE: CS,,
e5c4931a-edb0-4580-89cd-bc57a2593d9e,0,Location-315,FOSAID: 190 TYPE: HD,,
d0fa2a02-dbf7-46c0-8a05-f9a15677c2c2,0,Location-316,FOSAID: 189 TYPE: CS,,
dcaa49b8-8413-4af3-be90-af2d4407485c,0,Location-317,FOSAID: 188 TYPE: CS,,
3978f1bd-b1a4-4d56-8468-6fa0d695c00f,0,Location-318,FOSAID: 178 TYPE: CS,,
45a30eb5-dd98-4f95-810e-8b48958df975,0,Location-319,FOSAID: 184 TYPE: CS,,
62c3f7e8-b996-4903-b5d0-e4ffbd949a32,0,Location-320,FOSAID: 191 TYPE: CS,,
236dbc9c-6deb-49d1-a32f-21cf324b82c7,0,Location-321,FOSAID: 192 TYPE: CS,,
c5733c5e-d53f-48ee-828f-0bc747ed3db3,0,Location-322,FOSAID: 193 TYPE: CS,,
7e6df586-70d4-48f8-b0fc-0bddc2742d10,0,Location-323,FOSAID: 183 TYPE: CS,,
c4e18d91-d4b2-4fe2-9c5f-7af7ce5e1d20,0,Location-324,FOSAID: 185 TYPE: CS,,
ea5592f9-3982-4dcf-8e82-b822f697d072,0,Location-325,FOSAID: 182 TYPE: CS,,
3d1cf91c-5c1f-4cc8-a99f-fa0adea75bdb,0,Location-326,FOSAID: 181 TYPE: CS,,
2a0a7d12-f5fe-4cf4-a54a-832b481d9028,0,Location-327,FOSAID: 180 TYPE: CS,,
bce80f3f-1578-4f05-bb7d-6aadab63f741,0,Location-328,FOSAID: 60 TYPE: CS,,
de61a831-f998-4e68-8a72-014eb9bb32f1,0,Location-329,FOSAID: 59 TYPE: CS,,
b76f9327-1135-4137-9749-da5422b60df3,0,Location-330,FOSAID: 53 TYPE: CS,,
4734d6cb-adb6-4b9c-84de-7f30af7a524a,0,Location-331,FOSAID: 54 TYPE: HD,,
f6740b49-7736-485c-bedb-ea064607c109,0,Location-332,FOSAID: 55 TYPE: CS,,
dfc38402-e78d-4fbd-a340-6c3a021a3f50,0,Location-333,FOSAID: 56 TYPE: CS,,
edcb1f63-432c-4839-9e58-994195aefbeb,0,Location-334,FOSAID: 57 TYPE: CS,,
b9be4c12-e1d5-4d80-a45f-d79e83724427,0,Location-335,FOSAID: 58 TYPE: CS,,
482fa84e-5e71-4ee4-b4f8-d15f96a41134,0,Location-336,FOSAID: 612 TYPE: CS,,
390b586c-8913-4c8b-9676-71d1db5ba9ab,0,Location-337,FOSAID: 61 TYPE: HD,,
3001b68d-509e-4d58-87b6-6de5684f529b,0,Location-338,FOSAID: 62 TYPE: CS,,
147d03c7-b567-40f4-a56b-651ff14bf9b8,0,Location-339,FOSAID: 63 TYPE: CS,,
2cb59e74-171d-44c7-b4e9-9aaa2561ff8b,0,Location-340,FOSAID: 64 TYPE: CS,,
000bb2fa-8d75-4bab-ae53-71d4865c78ca,0,Location-341,FOSAID: 65 TYPE: CS,,
c5eb2ea8-459b-401c-87dd-4fb38e0d01ec,0,Location-342,FOSAID: 66 TYPE: CS,,
12289fc2-71cb-4c11-ad9b-598b57a6627b,0,Location-343,FOSAID: 91 TYPE: CS,,
4783591e-b2aa-48d7-b182-9875830a38d5,0,Location-344,FOSAID: 92 TYPE: CS,,
8e0e63f6-d19d-4d07-8519-887819260d6e,0,Location-345,FOSAID: 94 TYPE: CS,,
94a80350-8876-4237-aa50-9890ec20bf8d,0,Location-346,FOSAID: 95 TYPE: CS,,
0211c545-70ae-422f-bba6-a9f7bd6380f7,0,Location-347,FOSAID: 96 TYPE: CS,,
c7f434b7-1f7e-494f-9590-53cbfc62c0b6,0,Location-348,FOSAID: 97 TYPE: CS,,
01b84b99-67bf-4654-ab9e-05378898f800,0,Location-349,FOSAID: 616 TYPE: CS,,
ebbb9fcc-3a5f-4307-8344-54fa45339754,0,Location-350,FOSAID: 81 TYPE: CS,,
926bf917-b50a-40c3-b1c4-0f488331cede,0,Location-351,FOSAID: 83 TYPE: CS,,
97af0a6e-a40c-4f2f-9773-7b19abf0de29,0,Location-352,FOSAID: 84 TYPE: CS,,
62aaf4c6-4f8e-47b0-8e2f-d8c92eb980e3,0,Location-353,FOSAID: 85 TYPE: HD,,
60de17f5-1b93-446a-bafa-8730610d66eb,0,Location-354,FOSAID: 93 TYPE: CS,,
075d5c4c-ba7a-415f-bea9-b49550a6bb27,0,Location-355,FOSAID: 89 TYPE: CS,,
a8441e61-fa46-464f-8aa3-c95820d75b8f,0,Location-356,FOSAID: 86 TYPE: CS,,
aa582b43-5d32-4da4-9b84-cef2b8516a47,0,Location-357,FOSAID: 88 TYPE: CS,,
df3ec81d-634a-4318-aec4-329dce47fef1,0,Location-358,FOSAID: 87 TYPE: CS,,
5627ce9e-9044-4e60-a60a-f7dd96e82dc2,0,Location-359,FOSAID: 153 TYPE: HD,,
7038a822-cbc3-4398-b11d-66cba87e788c,0,Location-360,FOSAID: 152 TYPE: CS,,
40d52cba-7c5e-4b80-87de-9c688ededf92,0,Location-361,FOSAID: 150 TYPE: CS,,
6b8f10c2-0371-4343-bc85-449556edba90,0,Location-362,FOSAID: 147 TYPE: CS,,
18e2f8f0-1630-43d8-997f-8171496ada47,0,Location-363,FOSAID: 148 TYPE: CS,,
c780ba1c-3827-4ab6-843d-4a0bb88499c5,0,Location-364,FOSAID: 146 TYPE: CS,,
d6010865-abf5-485d-85d9-a5f13944513a,0,Location-365,FOSAID: 145 TYPE: CS,,
bc8189d5-e60b-41d8-b183-ed072689caa4,0,Location-366,FOSAID: 144 TYPE: CS,,
e5a2814a-099e-4842-af0d-9be49adae4a4,0,Location-367,FOSAID: 143 TYPE: CS,,
86f7a451-b15c-4ce0-b43c-408c7ea35e12,0,Location-368,FOSAID: 142 TYPE: CS,,
7be1ccf0-2cdb-49ca-bd3e-98fb65659ebd,0,Location-369,FOSAID: 149 TYPE: CS,,
5b5a45fc-3dac-4b82-8acf-d31f72518e07,0,Location-370,FOSAID: 151 TYPE: CS,,
72d7ca4f-bb63-4a48-9d49-0c3a5f10b147,0,Location-371,FOSAID: 130 TYPE: CS,,
3dafac4d-25ec-4176-8e03-59e2fbb8b5ae,0,Location-372,FOSAID: 129 TYPE: CS,,
360e2fb7-7312-407e-a29f-3d492a0ea8f8,0,Location-373,FOSAID: 128 TYPE: CS,,
8604d774-485d-4bc4-b9c9-8f600c9fdc7e,0,Location-374,FOSAID: 127 TYPE: CS,,
2044c079-8492-4e72-8591-2b665a4cc929,0,Location-375,FOSAID: 131 TYPE: CS,,
e0a0cfaa-1424-4157-8f95-c50cbb79c559,0,Location-376,FOSAID: 137 TYPE: CS,,
2fef706d-130c-49fb-92f1-9af9ba1c39af,0,Location-377,FOSAID: 135 TYPE: CS,,
4d83c247-fd66-4f60-9645-aae40045a64a,0,Location-378,FOSAID: 140 TYPE: CS,,
72f5e056-0e6a-4480-b05c-bf31a81cd6c9,0,Location-379,FOSAID: 132 TYPE: CS,,
ccefe572-5ecb-4ffd-ad1d-0e689835ffe5,0,Location-380,FOSAID: 138 TYPE: CS,,
c2d85629-ffa8-4a0e-a140-08b12d36e771,0,Location-381,FOSAID: 136 TYPE: CS,,
177ddf27-944f-4e88-b803-c560b6a8edcf,0,Location-382,FOSAID: 134 TYPE: CS,,
93dd0603-5ef6-4491-aa64-8d809bc76e36,0,Location-383,FOSAID: 133 TYPE: HP,,
34f97e8c-166f-4213-b8db-89caadb79a73,0,Location-384,FOSAID: 141 TYPE: CS,,
14b29ca0-7c82-48b5-8641-5e4de1eb1151,0,Location-385,FOSAID: 102 TYPE: CS,,
b32afb5b-7a61-4791-a221-a3ea22925fef,0,Location-386,FOSAID: 104 TYPE: CS,,
cd644c4a-8093-4ce3-a0eb-5e4ab356bc9b,0,Location-387,FOSAID: 105 TYPE: CS,,
0cdf9a1b-8c2a-4c07-a849-d071862db1ad,0,Location-388,FOSAID: 106 TYPE: CS,,
e025388a-d1a1-4e45-b6cf-a6a4ed49a856,0,Location-389,FOSAID: 107 TYPE: CS,,
d301ea23-5a94-4a9e-bde4-e4720aa495f7,0,Location-390,FOSAID: 103 TYPE: HD,,
0b4ac0d1-fbf3-4647-b77d-57b57af09396,0,Location-391,FOSAID: 109 TYPE: CS,,
70db32a6-ff72-47a5-897a-78eb6a6ea98b,0,Location-392,FOSAID: 110 TYPE: CS,,
05571539-288f-4600-917f-10cd508c55aa,0,Location-393,FOSAID: 111 TYPE: CS,,
91dd813c-5aed-4f7d-be7d-55495953011c,0,Location-394,FOSAID: 112 TYPE: CS,,
c224b0a8-d862-4f4e-a51e-96c67bde63b7,0,Location-395,FOSAID: 108 TYPE: CS,,
ea2047d0-dc73-4773-ad0f-1e81d5baabac,0,Location-396,FOSAID: 545 TYPE: CS,,
62014f21-e033-4c93-815f-189f186095e9,0,Location-397,FOSAID: 101 TYPE: HD,,
7f16fb64-c10d-4874-83e6-8d007b1f9175,0,Location-398,FOSAID: 100 TYPE: CS,,
4b4b7e7f-ffbf-4d8b-9269-5dc5bb6c6fe4,0,Location-399,FOSAID: 99 TYPE: CS,,
8925ef5b-ed35-4d11-8d99-e4580538256a,0,Location-400,FOSAID: 98 TYPE: CS,,
150f91af-7274-411d-8e02-c88112647c71,0,Location-401,FOSAID: 562 TYPE: CS,,
90207f20-a4d7-4034-9df5-29d94b246d2b,0,Location-402,FOSAID: 646 TYPE: CS,,
3fcfb521-740a-4b7a-be7d-33c5b4d8189d,0,Location-403,FOSAID: 41 TYPE: CS,,
0c9997b9-93a6-4450-a0a8-abb59556a660,0,Location-404,FOSAID: 40 TYPE: CS,,
046b0ebe-9e94-43e8-8f99-429779058e96,0,Location-405,FOSAID: 39 TYPE: CS,,
d10ee96c-c6b9-4a13-bf1c-e03ed80915dc,0,Location-406,FOSAID: 42 TYPE: CS,,
b14ea0ba-747d-4191-9652-3bcd39819265,0,Location-407,FOSAID: 38 TYPE: CS,,
a63c9bc6-3c9e-46b8-9890-efff660228a0,0,Location-408,FOSAID: 37 TYPE: CS,,
4b85e27c-b9e2-4f7e-a6ec-2a09d706f219,0,Location-409,FOSAID: 46 TYPE: CS,,
c0ea45db-49ff-4f3e-a076-65821d8f1678,0,Location-410,FOSAID: 52 TYPE: CS,,
088905f3-e7f2-4dd5-a8b0-846481bd1885,0,Location-411,FOSAID: 49 TYPE: HD,,
247605c8-5e6b-40a4-8a5c-2392098d2990,0,Location-412,FOSAID: 45 TYPE: CS,,
4ce0336b-ca80-4360-bb6c-94bc856f66a5,0,Location-413,FOSAID: 47 TYPE: CS,,
d8a7195b-5a51-46d9-998c-cec003e5a3eb,0,Location-414,FOSAID: 43 TYPE: CS,,
484ac73d-cd17-412b-8e35-a4d91a6f0355,0,Location-415,FOSAID: 44 TYPE: CS,,
1ab124a8-d57a-4995-a5ec-878c24ec2749,0,Location-416,FOSAID: 48 TYPE: CS,,
6cc3722c-7527-4a9f-930e-d504acda202e,0,Location-417,FOSAID: 600 TYPE: CS,,
ed86d360-90d8-4122-bc64-3f912d0c2351,0,Location-418,FOSAID: 593 TYPE: CS,,
a7adc010-a09e-4fc8-a3d1-1994b8110244,0,Location-419,FOSAID: 78 TYPE: CS,,
43bdd5c3-dc17-4af2-8920-77efcb4ea402,0,Location-420,FOSAID: 80 TYPE: CS,,
3d143018-96f2-4429-b7af-d521afaa5863,0,Location-421,FOSAID: 79 TYPE: CS,,
547d768d-685c-40e7-9789-852a20d4afc2,0,Location-422,FOSAID: 77 TYPE: CS,,
d2a36a82-abe2-433b-ad9e-a724d0bb350f,0,Location-423,FOSAID: 75 TYPE: CS,,
9a12abee-33b3-41de-9308-018d3f020643,0,Location-424,FOSAID: 74 TYPE: HD,,
04c86b1e-9918-481a-aa94-3c2e5301d3b7,0,Location-425,FOSAID: 72 TYPE: CS,,
8a448c21-b7a0-4898-b950-551acb77a752,0,Location-426,FOSAID: 71 TYPE: CS,,
5c4c1d32-ff16-4abf-ad96-477d424a1dfe,0,Location-427,FOSAID: 70 TYPE: CS,,
80a5a9dd-72e8-4f2f-8043-84e38ffd2fc5,0,Location-428,FOSAID: 69 TYPE: CS,,
d893c0ba-88cd-4017-987c-26058b0cf9a6,0,Location-429,FOSAID: 68 TYPE: CS,,
a9c53c28-a8e3-45de-bc2b-96bfbf9ca9ed,0,Location-430,FOSAID: 67 TYPE: CS,,
cb1bf90c-d46a-4ddc-80e6-10e95f982b91,0,Location-431,FOSAID: 592 TYPE: CS,,
3f7e9c42-6454-4c34-996d-d734bed62fd6,0,Location-432,FOSAID: 1230 TYPE: CS,,
df84a5c7-4d35-4c1c-8d55-c066de5a1416,0,Location-433,FOSAID: 591 TYPE: CS,,
ed6803dc-7731-40e9-ae59-c014c7e6d152,0,Location-434,FOSAID: 76 TYPE: CS,,
21d8b6b0-0351-400e-907f-a6192fbcfb23,0,Location-435,FOSAID: 73 TYPE: CS,,
617ad38d-22a2-4b1f-8feb-b74ffe09c5f1,0,Location-436,FOSAID: 120 TYPE: CS,,
4a92d8e4-5367-4877-baf9-b3cdf3c98d7c,0,Location-437,FOSAID: 113 TYPE: CS,,
7cc44e0b-4ca2-4340-8d33-e4baf44205a5,0,Location-438,FOSAID: 123 TYPE: CS,,
55033cfc-c5da-4b95-8c70-ec27c93c6caf,0,Location-439,FOSAID: 117 TYPE: CS,,
609e508d-3c51-496e-95f8-db8a81683396,0,Location-440,FOSAID: 116 TYPE: HD,,
4e0b0376-9af3-4aaa-9790-bc395392bc75,0,Location-441,FOSAID: 115 TYPE: CS,,
13d5204e-1d2a-442d-b844-99c1ec3cfef6,0,Location-442,FOSAID: 114 TYPE: CS,,
2250e518-003a-48b3-b54e-aaa401103f4b,0,Location-443,FOSAID: 124 TYPE: CS,,
8c1d8ca3-ee82-4fd7-92ea-845f3f803db9,0,Location-444,FOSAID: 126 TYPE: CS,,
54c68451-2acb-4731-9a74-c762091fee6d,0,Location-445,FOSAID: 121 TYPE: CS,,
a5479e6e-d95e-4660-8aa8-cb9414fb94c0,0,Location-446,FOSAID: 118 TYPE: CS,,
f351a209-25ce-40ab-8abc-79e9325f9658,0,Location-447,FOSAID: 119 TYPE: CS,,
83005127-7f25-4d15-b7a7-8df833917fc3,0,Location-448,FOSAID: 122 TYPE: CS,,
52785853-3aea-40aa-9423-f0f9a5c5f192,0,Location-449,FOSAID: 125 TYPE: CS,,
6faad582-8ae8-4ea5-bc8d-f63e38432b9f,0,Location-450,FOSAID: 513 TYPE: CS,,
805eb1da-cbd4-4100-941a-cbc94125560c,0,Location-451,FOSAID: 552 TYPE: CS,,
94189b9f-847c-4e38-a510-6f0cfd4057c5,0,Location-452,FOSAID: 1229 TYPE: CS,,
9e2f39f2-0be2-4d93-8191-57867e094f16,0,Location-453,FOSAID: 1228 TYPE: CS,,
76f424ca-a825-4f86-bc74-9cc114c26a46,0,Location-454,FOSAID: 551 TYPE: CS,,
f92be7df-0492-4e1c-b701-a5fa950cdbd3,0,Location-455,FOSAID: 20 TYPE: CS,,
5e5617ab-7e5d-4860-90ff-937d147dc0d3,0,Location-456,FOSAID: 13 TYPE: CS,,
a21962f3-798a-4d68-ae67-2ca870b91970,1,Location-457,FOSAID: 15 TYPE: CS,,
e06d62d2-3907-46b8-8c6a-f39a7cc31729,0,Location-458,FOSAID: 16 TYPE: CS,,
3c9c90e8-82cc-4141-8f86-2ec8ce412240,0,Location-459,FOSAID: 17 TYPE: CS,,
dc856d49-b144-4b0e-95e6-05771d61eccd,0,Location-460,FOSAID: 18 TYPE: CS,,
4bc9df75-6e24-4aae-b2fe-28502f6db1cb,0,Location-461,FOSAID: 25 TYPE: CS,,
34ec36b1-2931-4582-bd6e-4667e04e8bd2,0,Location-462,FOSAID: 21 TYPE: CS,,
7d20e940-5854-4ebd-bdce-2322a2ffc968,0,Location-463,FOSAID: 22 TYPE: HP,,cTBc6Cl0jM8
f0407429-e5e2-45f2-8465-38fdf98c99c9,0,Location-464,FOSAID: 23 TYPE: CS,,
04473b04-8579-44a4-b19c-6b526d1af4bb,0,Location-465,FOSAID: 26 TYPE: CS,,
711c5814-28ca-4644-b102-2dc63c02a54b,0,Location-466,FOSAID: 28 TYPE: CS,,
9e83c579-4d84-4942-9924-dbb03ca743bb,0,Location-467,FOSAID: 1113 TYPE: CMS,,
8bd1155a-d9b4-47a6-8d3d-8854d93043ad,0,Location-468,FOSAID: 1114 TYPE: CMS,,
69c41cf6-a85c-42eb-b688-88ad4780b231,0,Location-469,FOSAID: 654 TYPE: CS,,
76cca1a1-2f13-49c1-b2b8-7703de3ac642,0,Location-470,FOSAID: 36 TYPE: CS,,
40286e3b-ab61-4c80-a678-6848e0569462,0,Location-471,FOSAID: 35 TYPE: CS,,
d0026a7f-51fd-41e2-b9ab-fd0c32f3a311,0,Location-472,FOSAID: 33 TYPE: CS,,
47972ca8-be9c-439a-beb0-1d50df0debb3,0,Location-473,FOSAID: 32 TYPE: CS,,
3fe1dfc9-3c2e-42a8-865e-e5757c48ecbe,0,Location-474,FOSAID: 31 TYPE: CS,,
f40ca7dd-94fc-48c4-898c-3e2f31323a34,0,Location-475,FOSAID: 30 TYPE: CS,,
20731cc8-5464-4782-a019-5db7b24a0e0a,0,Location-476,FOSAID: 29 TYPE: CS,,
16035908-d117-49fd-8e57-5ea8c3921763,0,Location-477,FOSAID: 1234 TYPE: HD,,
24016001-d38b-4f79-b427-428bc2e8c4ca,0,Location-478,FOSAID: 558 TYPE: CS,,
1163f2b9-08b0-4333-8e60-6a6fadc91f4f,0,Location-479,FOSAID: 4 TYPE: CS,,
10c4a49e-1033-4cd4-bec5-6cfe293515ef,0,Location-480,FOSAID: 2 TYPE: CS,,
05f9978c-7de3-4b59-aa10-644a97773028,0,Location-481,FOSAID: 8 TYPE: HD,,
76ec24bf-4032-43df-ac62-dcd5802f04fe,0,Location-482,FOSAID: 11 TYPE: CS,,
e7d14d07-fd56-473f-93a3-e8f55fd9ab50,0,Location-483,FOSAID: 1 TYPE: CS,,
b2e47111-25ed-41de-8f8d-1fca666d2f3d,0,Location-484,FOSAID: 9 TYPE: CS,,
fe94fa64-4515-46f1-8964-5f5687ac189e,0,Location-485,FOSAID: 12 TYPE: CS,,
9496a55d-bb9e-41ec-bdac-5c0c0dd50e2b,0,Location-486,FOSAID: 7 TYPE: CS,,
8d06b0b2-5a81-41d1-afc0-d5833516a359,0,Location-487,FOSAID: 6 TYPE: CS,,
ac1515bf-34b0-4851-aa4a-a8d62a6f3298,0,Location-488,FOSAID: 5 TYPE: CS,,
0f0fdbe6-66a5-4519-8c58-cc7a3d213744,0,Location-489,FOSAID: 1112 TYPE: CMS,,
a7a13217-4cf7-45f6-b3f6-f32dfd2d352d,0,Location-490,FOSAID: 1111 TYPE: CMS,,
809ac152-2474-440b-b9f0-b73ea88d73f9,0,Location-491,FOSAID: 1110 TYPE: CMS,,
bcc58c5b-b0b5-4abd-928b-6ca2a4d32477,0,Location-492,FOSAID: 1010 TYPE: MU,,
743c7286-201e-4fb0-84df-ceab6e36a439,0,Location-493,FOSAID: 1095 TYPE: DP,,
f6e7f06a-680b-42de-946b-8b82d41a76cb,0,Location-494,FOSAID: 1044 TYPE: MU,,
d049d55b-300a-42b6-9a23-9199fff4974e,0,Location-495,FOSAID: 456 TYPE: PRIS,,
81f39667-e44e-4581-8f08-b9b25073b1c7,0,Location-496,FOSAID: 1054 TYPE: MU,,
a2364499-3123-4f41-b7be-bd6c2c8d3c55,0,Location-497,FOSAID: 720 TYPE: MU,,
94ff4774-45f5-44b2-9b87-a94808358e9d,0,Location-498,FOSAID: 987 TYPE: MU,,
39dd1cf5-b69c-49c8-8bc0-d0830a554ffc,0,Location-499,FOSAID: 922 TYPE: MU,,
6445e007-ade6-4976-b93c-41185075c095,0,Location-500,FOSAID: 903 TYPE: MU,,
bdea4a95-473b-437b-b955-b47fe2235cae,0,Location-501,FOSAID: 772 TYPE: MU,,
390f5ef2-3b9f-4c2f-97c3-e7663831f23d,0,Location-502,FOSAID: 962 TYPE: MU,,
0b008ae2-7c73-4615-ae75-412a152f5b3d,0,Location-503,FOSAID: 986 TYPE: MU,,
7bdcdde4-ac61-419b-b0c5-106e1985c701,0,Location-504,FOSAID: 851 TYPE: MU,,
34d51b72-1135-410c-8cfb-594a3bcbb5ff,0,Location-505,FOSAID: 842 TYPE: MU,,
d77f6545-c059-4d28-aab5-cb7c8ecef8f9,0,Location-506,FOSAID: 607 TYPE: PS,,
477f317c-38f8-40f3-89b7-fc0d0f6bbf0c,0,Location-507,FOSAID: 608 TYPE: PS,,
2138301c-79a8-44ba-9d2f-0345135820b7,0,Location-508,FOSAID: 761 TYPE: MU,,
6344d279-347b-4400-91f5-2057eeb5cf5f,0,Location-509,FOSAID: 930 TYPE: MU,,
adaf7d0a-5cb9-4151-ad66-713e79f44a98,0,Location-510,FOSAID: 982 TYPE: MU,,
9ca96663-0ffe-4ac2-a290-d8184e00746a,0,Location-511,FOSAID: 983 TYPE: MU,,
3a8c304b-5df8-497d-9c73-cac3970be46c,0,Location-512,FOSAID: 892 TYPE: MU,,
fe5259f4-0efd-413d-a790-3427b7d1da48,0,Location-513,FOSAID: 878 TYPE: MU,,
5f90a95b-58d6-4472-92ef-c145ff1f47a3,0,Location-514,FOSAID: 999 TYPE: MU,,
1029d0cc-46f9-4859-ba55-cf1d3a80f982,0,Location-515,FOSAID: 834 TYPE: MU,,
706cb34d-1ec0-4100-89d0-db7554bfc59c,0,Location-516,FOSAID: 821 TYPE: MU,,
dac59070-a134-48a7-ae5b-4d455b341640,0,Location-517,FOSAID: 714 TYPE: MU,,
a743c495-a691-4410-8ef6-25507ac43eaa,0,Location-518,FOSAID: 767 TYPE: MU,,
7d59d73c-b121-45b1-9c2b-7120bd717c2a,1,Location-519,FOSAID: 609 TYPE: PS,,
2724e211-4b3e-4a4d-bd97-5aed99585e3f,0,Location-520,FOSAID: 760 TYPE: MU,,
710c6f3f-7028-4abe-ac27-3e6ec91f8381,0,Location-521,FOSAID: 743 TYPE: MU,,
812da7b8-52ce-4f63-9526-df3a2db44ab6,0,Location-522,FOSAID: 1045 TYPE: MU,,
39e7d801-a294-43a2-8453-cd655433612c,0,Location-523,FOSAID: 724 TYPE: MU,,
55582101-b627-4da4-936d-ba8f8c75a4e5,0,Location-524,FOSAID: 723 TYPE: MU,,
92608d36-9120-43c0-8449-e5563e986803,0,Location-525,FOSAID: 1073 TYPE: DP,,
83780b4f-fae2-4aa7-8e64-c9ffdd7f01bb,0,Location-526,FOSAID: 611 TYPE: PS,,
fe1bf86a-ae2a-445a-af3d-f7f4b509dbd2,0,Location-527,FOSAID: 955 TYPE: MU,,
5a305fc8-9b2c-4497-be95-d3fd97e8373f,0,Location-528,FOSAID: 768 TYPE: MU,,
19244e11-485f-4213-b5a6-60b47c9f32c6,0,Location-529,FOSAID: 758 TYPE: MU,,
1a615e9c-ef6f-419a-93cd-b9ca1fb7b09f,1,Location-530,FOSAID: 498 TYPE: PS,,
0d7bb5e3-7012-4723-9a77-fc05056a445c,0,Location-531,FOSAID: 531 TYPE: DISP,,
1e934321-5846-4347-8d1a-f0bbb8e1a588,0,Location-532,FOSAID: 533 TYPE: DISP,,
78670b26-9894-494d-96da-1a2b223fed18,0,Location-533,FOSAID: 890 TYPE: MU,,
ea2500f6-b3bc-407b-9226-724e7b4fd41c,0,Location-534,FOSAID: 963 TYPE: MU,,
3a0797e7-216a-4589-ab50-e15125fa4c64,0,Location-535,FOSAID: 1048 TYPE: MU,,
f668b1bc-b832-4a7d-94ad-38f72e32d1ff,0,Location-536,FOSAID: 925 TYPE: MU,,
c0bf11ff-ca57-4785-9bb6-2a053bd21624,0,Location-537,FOSAID: 710 TYPE: MU,,
c92bdbc3-c57d-49ac-a054-82f20f387ef7,0,Location-538,FOSAID: 496 TYPE: PS,,
0dfcfeb2-c69c-4037-aa3b-a6a45d5fb173,0,Location-539,FOSAID: 897 TYPE: MU,,
3177e6fa-3d1f-483f-8554-7e8cb8cb6e15,0,Location-540,FOSAID: 920 TYPE: MU,,
8bfe1b95-ecc7-4b6f-a416-7b606fb5e200,0,Location-541,FOSAID: 1096 TYPE: DP,,
7f91d9a1-4d5a-4d63-89a5-23f07ca67c92,1,Location-542,FOSAID: 620 TYPE: PS,,
10dfc658-8266-49be-90e8-d5914c70ca30,1,Location-543,FOSAID: 618 TYPE: DISP,,
756f1c8f-504e-436e-ad7c-4c654cb5cce4,0,Location-544,FOSAID: 921 TYPE: MU,,
06759772-0270-46c8-a713-c3a2fc9cf9c3,0,Location-545,FOSAID: 532 TYPE: DISP,,
3a0e3879-b7f4-4852-802a-b8de33ee0510,1,Location-546,FOSAID: 619 TYPE: PS,,
6bb7e9d0-7298-4acd-a426-74335dd80bff,1,Location-547,FOSAID: 534 TYPE: DISP,,
4ce71f8d-1d98-4018-8188-29a88ffc2a16,0,Location-548,FOSAID: 759 TYPE: MU,,
c705d8e5-379e-4471-b654-e1a8a9cb3c29,0,Location-549,FOSAID: 1012 TYPE: MU,,
7f66bbfe-0eac-4312-82a9-b562a2cceb11,0,Location-550,FOSAID: 1023 TYPE: MU,,
a4d55862-3f4c-40eb-8d31-a025abf2e805,0,Location-551,FOSAID: 427 TYPE: DISP,,
bd666f0d-49ed-4004-831b-2d0965e7c499,0,Location-552,FOSAID: 907 TYPE: MU,,
304cb79e-14ef-424c-b808-7c9d7a552fa7,0,Location-553,FOSAID: 972 TYPE: MU,,
c7a9f63b-4257-442c-ae85-dff0c9b835e7,0,Location-554,FOSAID: 861 TYPE: MU,,
c94df106-fe01-4fe9-b076-c3cec0b04a9f,0,Location-555,FOSAID: 822 TYPE: MU,,
755e5afc-e02b-44b8-acd6-751fe1a685b5,0,Location-556,FOSAID: 824 TYPE: MU,,
98dce4bc-6e60-48ef-b7f6-6687c73bb71e,0,Location-557,FOSAID: 708 TYPE: MU,,
8c3b77a0-31fd-40e2-bed4-652aa89a8ea4,0,Location-558,FOSAID: 823 TYPE: MU,,
ea970db6-7973-47df-be5d-0e022f4f04ff,0,Location-559,FOSAID: 901 TYPE: MU,,
82eb643b-55c2-438d-8c09-b20c484d4609,0,Location-560,FOSAID: 860 TYPE: MU,,
bfc05903-e5e1-496a-b700-ffd02ca15c9a,0,Location-561,FOSAID: 1079 TYPE: DP,,
b092a674-90db-438e-be26-5f16e633b3b3,0,Location-562,FOSAID: 422 TYPE: DISP,,
5f1f67ed-c6b6-4700-8166-fe2d9369c6c2,0,Location-563,FOSAID: 709 TYPE: MU,,
d169283c-28b1-4abf-8785-16c5938ff6be,0,Location-564,FOSAID: 966 TYPE: MU,,
625193b1-f5d0-4a3b-aa13-1b6adac217e2,0,Location-565,FOSAID: 923 TYPE: MU,,
3975bf24-ffe4-48e1-8157-a1bff1ac6fc6,0,Location-566,FOSAID: 965 TYPE: MU,,
1628676c-4145-482e-9f91-821a4c381829,0,Location-567,FOSAID: 1020 TYPE: MU,,
b4746eca-d5cf-4770-b422-98704d8f0c76,0,Location-568,FOSAID: 1076 TYPE: DP,,
2fcea965-78a1-4ed7-89e5-311c03cdbca7,0,Location-569,FOSAID: 912 TYPE: MU,,
b1e102c7-44b6-4c3b-8dd7-beb80a51a79a,0,Location-570,FOSAID: 1025 TYPE: MU,,
d19ee38a-fd0a-4c9f-b16a-801250d73976,0,Location-571,FOSAID: 1070 TYPE: MU,,
15908b6f-cf4e-4da4-8306-d7b2b88fa87b,0,Location-572,FOSAID: 984 TYPE: MU,,
7ce5283f-3bbc-4691-aa47-a80345132905,0,Location-573,FOSAID: 753 TYPE: MU,,
cb2c40d9-57bf-45f2-9a40-3cb19a690d55,0,Location-574,FOSAID: 798 TYPE: MU,,
4b61861c-8734-48de-8c08-6e39535dc48f,0,Location-575,FOSAID: 1049 TYPE: MU,,
c882749c-552a-49ee-9c91-49cc98eda737,0,Location-576,FOSAID: 625 TYPE: PS,,
8690193b-0ebd-4a10-bb65-dea1bc774bf0,0,Location-577,FOSAID: 891 TYPE: MU,,
2c165425-a43f-4a83-920a-afb1ae579fc2,0,Location-578,FOSAID: 1013 TYPE: MU,,
ff1f73c1-caa3-443f-8d93-1b9789565e39,0,Location-579,FOSAID: 868 TYPE: MU,,
7a9491cf-885a-46fc-89c5-6b830a870e59,0,Location-580,FOSAID: 1069 TYPE: MU,,
f5727024-2435-442d-a1c4-46cc773641f7,0,Location-581,FOSAID: 627 TYPE: PS,,
6c2ae567-384f-4b18-9e33-aae064f5baca,0,Location-582,FOSAID: 596 TYPE: PRIS,,
725ecfac-dfe4-4815-956a-f81a7a45b975,0,Location-583,FOSAID: 626 TYPE: PS,,
9e44a10c-8e81-4d3b-be23-743093ee12b3,0,Location-584,FOSAID: 628 TYPE: PS,,
c4654ed4-5343-4e1b-8316-8f2f510b8052,0,Location-585,FOSAID: 783 TYPE: MU,,
b11d2c02-e212-400b-b8a9-012af5cf94c3,0,Location-586,FOSAID: 832 TYPE: MU,,
a2fb327e-a2b9-4f0b-aa8b-a2e776d47bf9,0,Location-587,FOSAID: 849 TYPE: MU,,
fadea390-e9df-404c-8648-9584b8aa8f87,0,Location-588,FOSAID: 954 TYPE: MU,,
66df5226-6139-458a-8439-30a7375bb906,0,Location-589,FOSAID: 850 TYPE: MU,,
88282e15-9420-4e7b-b810-6d4d69415997,0,Location-590,FOSAID: 790 TYPE: MU,,
910e8873-cb7d-40ba-9988-05a860ea2809,0,Location-591,FOSAID: 858 TYPE: MU,,
80c208c7-1fcb-487b-84d2-a54ee6d612b5,0,Location-592,FOSAID: 953 TYPE: MU,,
53d025e5-27de-4e49-93d3-568f2ef6d6ae,0,Location-593,FOSAID: 727 TYPE: MU,,
f19c1942-49f6-4a17-aa47-ff8070f5829e,0,Location-594,FOSAID: 1016 TYPE: MU,,
c21643d5-6335-4e4e-b95c-e007b0dcc39c,0,Location-595,FOSAID: 1015 TYPE: MU,,
259f0057-0544-4daa-acbf-d11344bef1b9,0,Location-596,FOSAID: 639 TYPE: PS,,
2bcd95ad-e4cb-4770-b8ea-924ad9502763,0,Location-597,FOSAID: 1063 TYPE: MU,,
49fadab2-cb8e-42b1-bba9-2daddf17f86c,0,Location-598,FOSAID: 906 TYPE: MU,,
c5b5aa7a-5424-4ff5-8f09-1869304ca721,0,Location-599,FOSAID: 644 TYPE: PS,,
9e055c49-4971-4eab-a90f-a2b23e9e2937,0,Location-600,FOSAID: 640 TYPE: PS,,
87c4f127-bf07-4980-9a1d-d837606b6bce,0,Location-601,FOSAID: 641 TYPE: FOSACOM,,
e103f078-9ea1-481f-b809-1446b99fa2af,0,Location-602,FOSAID: 857 TYPE: MU,,
5023ea0a-e507-401b-bf7c-e3f175e5017a,0,Location-603,FOSAID: 595 TYPE: PRIS,,
f8d2975c-4799-43b5-9119-2b698f865d8f,0,Location-604,FOSAID: 1081 TYPE: DP,,
4b006202-59ff-4d0c-94ca-817131eb6df6,0,Location-605,FOSAID: 952 TYPE: MU,,
0468a0c2-2030-4a49-9906-36e035940dae,0,Location-606,FOSAID: 1047 TYPE: MU,,
9cf17181-aa3b-4cbd-a676-c9b130671ef8,0,Location-607,FOSAID: 726 TYPE: MU,,
26964571-6a1f-4ed4-9762-fb920c055425,0,Location-608,FOSAID: 1042 TYPE: MU,,
3987a845-3760-41f5-92d2-0b1eabd87dcd,0,Location-609,FOSAID: 979 TYPE: MU,,
c8cfb70e-e9e9-47c2-835c-31dde489572b,0,Location-610,FOSAID: 904 TYPE: MU,,
8565b94e-a9c8-4101-a13b-adc5f93eadcb,0,Location-611,FOSAID: 917 TYPE: MU,,
eabe8f93-12a2-444a-961f-5a9564f62a3e,0,Location-612,FOSAID: 994 TYPE: MU,,
5210e95f-5fde-40d6-b2e1-ab7838b3040a,0,Location-613,FOSAID: 889 TYPE: MU,,
cd9a413d-b791-444f-9aab-cd00a04bb9d6,0,Location-614,FOSAID: 960 TYPE: MU,,
1a74d279-f604-47e7-a7c2-ee64922f5a56,0,Location-615,FOSAID: 705 TYPE: MU,,
69a2079e-3427-419b-906d-c0f5035a2237,0,Location-616,FOSAID: 653 TYPE: PS,,
cf0705e2-88f9-4ece-9fe0-4482400563a4,0,Location-617,FOSAID: 652 TYPE: PS,,
31ba6c88-a8ea-4a04-be15-17d47af54ed8,0,Location-618,FOSAID: 1078 TYPE: DP,,
f440d2f7-b593-448c-a9da-d4e1a20ff93a,0,Location-619,FOSAID: 550 TYPE: PRIS,,
6d7c4b9f-42d8-4036-84c0-39abb34bc4a2,0,Location-620,FOSAID: 737 TYPE: MU,,
886f4b86-035d-4f1d-bccd-64c2e0ab3a0a,1,Location-621,FOSAID: 549 TYPE: DISP,,
558b28b4-ceef-43fd-8659-9b87a0222944,0,Location-622,FOSAID: 788 TYPE: MU,,
790ee28c-3bf9-4eba-b96f-983e43de1242,0,Location-623,FOSAID: 800 TYPE: MU,,
90686592-2515-410d-86ae-eb3e5eaf5f20,0,Location-624,FOSAID: 548 TYPE: DISP,,
38159549-ba6d-4900-b23a-4fee54a4c8d0,0,Location-625,FOSAID: 738 TYPE: MU,,
2f765251-7cdc-4ae0-8f1b-15ef1f0ec913,0,Location-626,FOSAID: 547 TYPE: CLIN,,
e0c81820-518b-499b-8641-d49a0c6fa89f,0,Location-627,FOSAID: 928 TYPE: MU,,
b545c036-733d-4503-982d-c5d661130750,0,Location-628,FOSAID: 831 TYPE: MU,,
b6ffccdf-9050-4efb-a3fc-c5f22d599194,0,Location-629,FOSAID: 669 TYPE: MU,,
37af789c-db3b-4481-9435-65a5801ffc32,0,Location-630,FOSAID: 830 TYPE: MU,,
1d006326-70d7-4f67-916f-17a2eb9d5ba2,0,Location-631,FOSAID: 818 TYPE: MU,,
b1978127-316c-415f-8898-b7ce9e45ea21,0,Location-632,FOSAID: 817 TYPE: MU,,
59a0f56a-05ab-41a1-a32c-e9df477cc97e,0,Location-633,FOSAID: 816 TYPE: MU,,
06cbaff3-2f86-4c17-9b4c-3f8d23577fd5,0,Location-634,FOSAID: 771 TYPE: MU,,
5a5f3f29-8e09-4d22-b87a-60294e56572f,0,Location-635,FOSAID: 711 TYPE: MU,,
92068206-431d-4ec2-b3ef-5f224e56f605,0,Location-636,FOSAID: 680 TYPE: MU,,
7640090d-b46f-43ba-970f-bc5d16f8c3f8,0,Location-637,FOSAID: 698 TYPE: MU,,
cd06375f-7659-41d3-954b-5645a033fe7b,0,Location-638,FOSAID: 1071 TYPE: DP,,
ee37ee4c-5cd7-4103-bfc0-34f750923e78,0,Location-639,FOSAID: 1001 TYPE: MU,,
805ef9a1-7d69-4ee2-9988-65cc8a75ab48,0,Location-640,FOSAID: 1011 TYPE: MU,,
f9e9c289-e114-4256-8542-f4b483f31fd2,0,Location-641,FOSAID: 1026 TYPE: MU,,
8a198e00-4140-48e2-a5bd-fedaa267eebb,0,Location-642,FOSAID: 1043 TYPE: MU,,
f31e9708-befb-42d0-92cb-c22801d9def3,0,Location-643,FOSAID: 752 TYPE: MU,,
22720fd4-d8b7-410f-84c7-72f086c5adc1,0,Location-644,FOSAID: 751 TYPE: MU,,
e5a055cf-f974-46d8-9c9e-5fa6c2141790,0,Location-645,FOSAID: 1032 TYPE: MU,,
814c408d-689d-4f33-8f30-7b8103b549b7,0,Location-646,FOSAID: 718 TYPE: MU,,
65cc2e57-afee-4efd-9940-37d55dc2e9f5,0,Location-647,FOSAID: 692 TYPE: MU,,
6f1a8b39-92a7-4dc6-9212-0412a666c000,0,Location-648,FOSAID: 848 TYPE: MU,,
7864ddf0-29bb-40a9-a07e-8e4807cbd18f,0,Location-649,FOSAID: 872 TYPE: MU,,
9c7377c9-3edd-416d-ab9e-731520200ccb,0,Location-650,FOSAID: 874 TYPE: MU,,
70f0125e-cb45-4098-9e30-7722155dae1b,0,Location-651,FOSAID: 1021 TYPE: MU,,
bcf30615-351a-408d-85b1-107ff02e5a1f,0,Location-652,FOSAID: 296 TYPE: DISP,,
50cf4612-2346-4d24-9bd7-67ae85593b3c,0,Location-653,FOSAID: 695 TYPE: MU,,
f3dcd92c-7bdc-4cff-a29c-54de8bb036b8,0,Location-654,FOSAID: 1027 TYPE: MU,,
aab1317f-fbed-4691-8a70-8bc59ffba0c2,0,Location-655,FOSAID: 787 TYPE: MU,,
f0d5e78b-c9ce-4f8c-8ee2-6194d673eee6,0,Location-656,FOSAID: 1031 TYPE: MU,,
9c6d5491-3b9f-4614-ba3b-495c002aedde,0,Location-657,FOSAID: 717 TYPE: MU,,
bf495d5b-ff4b-4859-a835-e0cd9dd53a46,0,Location-658,FOSAID: 674 TYPE: MU,,
6917c1fa-f2f6-4ac4-8c57-49b961265d96,0,Location-659,FOSAID: 522 TYPE: PS,,
f3268be8-7b10-44cc-8b24-a9c4dfe2a9cb,0,Location-660,FOSAID: 520 TYPE: PS,,
f9cebdb9-9733-45a4-9b24-f5b8bdfaa6bd,0,Location-661,FOSAID: 929 TYPE: MU,,
d3e45897-ea01-4198-86f0-e76a8d6e5ce7,0,Location-662,FOSAID: 519 TYPE: PS,,
408dfc0c-f5ce-4a05-828a-c08510ff28fd,0,Location-663,FOSAID: 918 TYPE: MU,,
fb240022-fc65-4dff-9ca0-fab96598e763,0,Location-664,FOSAID: 504 TYPE: PS,,
e5adbdbf-3ef1-4a99-89fa-12034fc6bcab,0,Location-665,FOSAID: 829 TYPE: MU,,
75afb07c-0048-48d7-b479-06ff1e7f6af2,0,Location-666,FOSAID: 483 TYPE: PS,,
19c4f9c6-6d72-4511-a5aa-2466cfa94d41,0,Location-667,FOSAID: 693 TYPE: MU,,
0fb18fc8-46ac-4616-a315-e59a9ff52ae8,0,Location-668,FOSAID: 1084 TYPE: DP,,
b21c6f93-6453-4eb9-936a-920b477f8f64,0,Location-669,FOSAID: 1018 TYPE: MU,,
10b9a8e3-6d35-4be4-89b2-9aa147ce497d,0,Location-670,FOSAID: 1017 TYPE: MU,,
fbcd3a1a-6bb2-47f6-9113-7393718f2ae7,0,Location-671,FOSAID: 841 TYPE: MU,,
d62b8544-6168-4553-90aa-46253a085d62,0,Location-672,FOSAID: 691 TYPE: MU,,
756864bb-9b00-473a-9390-c430b777a30c,0,Location-673,FOSAID: 688 TYPE: MU,,
c4a4a064-0075-44b6-9bcc-87d38420e0bd,0,Location-674,FOSAID: 687 TYPE: MU,,
3e0bbde5-74e2-4a32-908d-bc5e4e6bddf9,0,Location-675,FOSAID: 859 TYPE: MU,,
6f524cb2-c5fb-4384-8f98-8a4a8ef60337,0,Location-676,FOSAID: 667 TYPE: MU,,
4868bd3b-64f8-4221-887e-dc77e3a6df12,0,Location-677,FOSAID: 1086 TYPE: DP,,
b49b8d72-729e-4da4-9f90-ee807998f21f,0,Location-678,FOSAID: 1039 TYPE: MU,,
d1fafd4b-d2e1-4c20-8ccf-adaca5f3260c,0,Location-679,FOSAID: 1030 TYPE: MU,,
c0dfc30d-e94c-4a14-a128-ae7069696552,0,Location-680,FOSAID: 1102 TYPE: PRIS,,
3f8fd5ad-5979-41c4-bc35-9d50774e3849,0,Location-681,FOSAID: 1035 TYPE: MU,,
4c60428b-6875-42c5-aae4-0802bf9e9286,0,Location-682,FOSAID: 769 TYPE: MU,,
03c71281-ce75-45a9-bfba-a90e3f94c818,0,Location-683,FOSAID: 1051 TYPE: MU,,
9a087511-1e62-436d-b612-cef342f6f80f,0,Location-684,FOSAID: 776 TYPE: MU,,
945a540a-9c33-420e-91c8-bfb80da75858,0,Location-685,FOSAID: 742 TYPE: MU,,
c499b440-57cc-4ebc-93ac-1ef9208b54af,0,Location-686,FOSAID: 913 TYPE: MU,,
8a419450-eeda-4cac-9505-f36476705e9f,0,Location-687,FOSAID: 881 TYPE: MU,,
7ecadc8b-6476-4b09-bb80-6e99dd5cd2e6,0,Location-688,FOSAID: 880 TYPE: MU,,
4a35a611-b793-43a8-8fcc-65680ffc961a,0,Location-689,FOSAID: 969 TYPE: MU,,
86c699f2-dbdc-4c59-8f40-62f58edd7cec,0,Location-690,FOSAID: 991 TYPE: MU,,
6b9d0aa4-56f5-494a-b9a4-a87599447624,0,Location-691,FOSAID: 690 TYPE: MU,,
023cf691-06a5-4015-9537-7ef3b5874c3c,0,Location-692,FOSAID: 622 TYPE: DISP,,
7a921365-f8e9-4635-b486-c6db0ac6cb0d,0,Location-693,FOSAID: 877 TYPE: MU,,
fe80c048-2e31-4bd5-8faa-f4a47cf18c0d,0,Location-694,FOSAID: 812 TYPE: MU,,
39bd6a16-2199-4aff-a7d8-a52ae6104099,0,Location-695,FOSAID: 621 TYPE: PS,,
b307465a-a19f-4242-9e06-55e64b379802,0,Location-696,FOSAID: 885 TYPE: MU,,
389f36d6-6864-44ee-a033-f987096da0b6,0,Location-697,FOSAID: 1100 TYPE: DP,,
8296011f-1dfd-4841-8632-e6a056749212,0,Location-698,FOSAID: 939 TYPE: MU,,
021dd93a-0990-4956-ac3f-bd196d9eb23a,0,Location-699,FOSAID: 536 TYPE: PRIS,,
fc8f37be-5b0b-4e48-8938-06c9b41f5f4e,0,Location-700,FOSAID: 535 TYPE: DISP,,
c60e7556-8dfe-450a-a6fc-94a38c26dae1,0,Location-701,FOSAID: 624 TYPE: PS,,
16d5044e-22d1-4e74-9107-774659774120,0,Location-702,FOSAID: 1041 TYPE: MU,,
f45838e3-6d8a-4a68-ba0b-125230ad4496,0,Location-703,FOSAID: 1053 TYPE: MU,,
15c6d1e4-c9f3-450a-a334-47a181e959ad,0,Location-704,FOSAID: 704 TYPE: MU,,
ae0c128e-3933-4e7f-9e4a-fcd120cd8096,0,Location-705,FOSAID: 703 TYPE: MU,,
d1949107-0ac3-4824-9023-2a8b116b7a02,0,Location-706,FOSAID: 316 TYPE: DISP,,
64b058fd-0a77-4f19-81aa-34f38dfe94f9,0,Location-707,FOSAID: 811 TYPE: MU,,
21f0657a-cd60-42c9-b030-f447b2f1cd5a,0,Location-708,FOSAID: 677 TYPE: MU,,
691b8846-d186-41a9-943d-035a77113f5d,0,Location-709,FOSAID: 985 TYPE: MU,,
3e424e2c-e7dc-49a9-be54-c01323273668,0,Location-710,FOSAID: 311 TYPE: DISP,,
dd3886b1-4c67-4a94-b514-96cfe56f18b3,0,Location-711,FOSAID: 942 TYPE: MU,,
2e4b9034-4556-4c00-9c9d-88cfe419ab0c,0,Location-712,FOSAID: 941 TYPE: MU,,
ea4da90c-c95b-43bc-838f-c34a0fca3476,0,Location-713,FOSAID: 1082 TYPE: DP,,
ac5c629c-7aae-484b-9f8b-78759cd8995e,0,Location-714,FOSAID: 931 TYPE: MU,,
6afebf84-7f36-4e15-a500-4a9234339e9f,0,Location-715,FOSAID: 1065 TYPE: MU,,
eec6a6b8-6a76-4b54-b168-2723b6bd37a9,0,Location-716,FOSAID: 1061 TYPE: MU,,
e17b2d61-04aa-470e-92fb-277a91c8dfc3,0,Location-717,FOSAID: 1060 TYPE: MU,,
b938cb73-1d2b-4b03-a931-283576fe4d3e,0,Location-718,FOSAID: 676 TYPE: MU,,
88367295-1a32-45f9-80b8-cadc0e2a9291,0,Location-719,FOSAID: 1059 TYPE: MU,,
17e6ffc5-dd92-4bee-8357-98d84df277c2,0,Location-720,FOSAID: 681 TYPE: MU,,
6eda70ba-0326-482a-a5f7-cbca5d27fccf,0,Location-721,FOSAID: 682 TYPE: MU,,
30ac35fe-4fc0-41ab-9336-83554610debd,0,Location-722,FOSAID: 893 TYPE: MU,,
7024cb28-9fc0-4944-80f3-74d056506994,0,Location-723,FOSAID: 854 TYPE: MU,,
2473d2eb-d310-407e-b16e-464f4090cdf7,0,Location-724,FOSAID: 846 TYPE: MU,,
92748d06-3987-40b6-a0c0-ac4e12dbdfaa,0,Location-725,FOSAID: 813 TYPE: MU,,
9ee40546-d75a-4874-80ee-5647f233add8,0,Location-726,FOSAID: 1019 TYPE: MU,,
9064332a-6790-4a80-a3f0-74860b02f7d7,0,Location-727,FOSAID: 161 TYPE: DISP,,
8184f8bf-82dc-4bf7-9b1d-7d44885c0e20,0,Location-728,FOSAID: 739 TYPE: MU,,
7700f36a-f3ce-4883-8ffa-f9d0ec8b9325,0,Location-729,FOSAID: 898 TYPE: MU,,
96a3489c-f759-4753-b60e-56c0898bdd42,0,Location-730,FOSAID: 1067 TYPE: MU,,
bf79aba6-6afe-4577-a1db-96a6ce16c974,0,Location-731,FOSAID: 997 TYPE: MU,,
e476dfb7-1faa-4387-a15f-a560cf4b0d77,0,Location-732,FOSAID: 715 TYPE: MU,,
b97d7f29-1ec6-47f0-a8ff-900a6d365be2,0,Location-733,FOSAID: 914 TYPE: MU,,
c00c6097-8914-4d4d-b844-2efdcc9b25c3,0,Location-734,FOSAID: 863 TYPE: MU,,
41b4de07-50ef-4188-a8ac-4f377cbb022f,0,Location-735,FOSAID: 741 TYPE: MU,,
b904f002-ccb2-4803-a330-34a1b3dabc8e,0,Location-736,FOSAID: 996 TYPE: MU,,
2d4225f4-0f57-4d6b-aabb-f3f46bb7d126,0,Location-737,FOSAID: 995 TYPE: MU,,
579c083c-0616-4234-a81d-26b196a2a9f5,0,Location-738,FOSAID: 998 TYPE: MU,,
38aba108-e732-449c-a3e0-b736a6de048f,0,Location-739,FOSAID: 686 TYPE: MU,,
79c6ba67-bcdb-44c4-a1bc-adeac5f08a86,0,Location-740,FOSAID: 740 TYPE: MU,,
5dfe858e-69c2-43da-b9f4-389c4e6ac316,0,Location-741,FOSAID: 1068 TYPE: MU,,
60cfb854-165e-4676-ac1e-c33e8b6cbde9,0,Location-742,FOSAID: 862 TYPE: MU,,
05919b2c-7fe8-45d3-9008-e71d06fdfc42,0,Location-743,FOSAID: 168 TYPE: DISP,,
e908ea98-4e8a-4557-a381-99553f5d02c5,0,Location-744,FOSAID: 993 TYPE: MU,,
76eebf5f-7ad3-4a31-a264-dae06761da15,0,Location-745,FOSAID: 716 TYPE: MU,,
33d5bbfd-f12e-40f3-87b2-6df331ba3e77,0,Location-746,FOSAID: 1087 TYPE: DP,,
de3de039-684c-4657-9082-c336560a2461,0,Location-747,FOSAID: 992 TYPE: MU,,
68382f52-2586-492d-8093-759210c58ce8,0,Location-748,FOSAID: 894 TYPE: MU,,
10cfd06b-091b-4616-b88d-112153e10358,0,Location-749,FOSAID: 635 TYPE: FOSACOM,,
4817e07d-2df8-4513-bf7f-694afb7c7f85,0,Location-750,FOSAID: 476 TYPE: DISP,,
0fd9181f-9bb8-4284-b9d9-df5ee8811a39,0,Location-751,FOSAID: 475 TYPE: DISP,,
a0001ce7-3504-49dd-9cc0-e16d913f03cc,0,Location-752,FOSAID: 474 TYPE: DISP,,
d1d7cf4a-086a-4c69-9bb1-cf4c40a3bd11,0,Location-753,FOSAID: 473 TYPE: DISP,,
c53b1a39-3c61-4e27-9ef0-5326bbd71ec9,0,Location-754,FOSAID: 472 TYPE: DISP,,
7d2e32e0-1b66-437b-9cca-d6d275443aa1,0,Location-755,FOSAID: 934 TYPE: MU,,
cfe73ea8-b59e-494b-bedf-83f8580facdb,0,Location-756,FOSAID: 1085 TYPE: DP,,
cd3278bf-82bf-4a45-b6e2-72e94ac98bd8,0,Location-757,FOSAID: 685 TYPE: MU,,
5cd222a8-367d-49e1-9a91-971081c30cc0,0,Location-758,FOSAID: 631 TYPE: FOSACOM,,
eec2cdc9-c3dc-4c12-8f0d-8bc9123cb52a,0,Location-759,FOSAID: 634 TYPE: FOSACOM,,
c0b0e0d8-0e6b-43ec-9bae-483181d320a9,0,Location-760,FOSAID: 633 TYPE: FOSACOM,,
d47e429d-f3e3-44c7-9320-48465e03e5e5,0,Location-761,FOSAID: 632 TYPE: FOSACOM,,
5c4d9395-0eab-42a7-8f1f-a93cb833d2f7,0,Location-762,FOSAID: 924 TYPE: MU,,
5ca7eccb-a913-4e73-9473-5b1e4cf724a6,0,Location-763,FOSAID: 629 TYPE: FOSACOM,,
a3342241-5e61-41e6-8717-2068b5d7db5b,0,Location-764,FOSAID: 630 TYPE: FOSACOM,,
b8d3f80d-5e66-4cd7-a9f3-b385b1797e4e,0,Location-765,FOSAID: 968 TYPE: MU,,
bba859c4-2927-4d0c-87e0-4826375429af,0,Location-766,FOSAID: 725 TYPE: MU,,
a4a2953d-6152-4df7-a199-dc74ed30a008,0,Location-767,FOSAID: 875 TYPE: MU,,
9c340555-01c9-457c-a18d-26fc137cfae3,0,Location-768,FOSAID: 744 TYPE: MU,,
41ee6e95-b853-4cf9-9123-cbe5f8142775,0,Location-769,FOSAID: 876 TYPE: MU,,
9c93058e-44bd-407f-b970-263d5c93f427,0,Location-770,FOSAID: 791 TYPE: MU,,
d4299ec2-4226-443a-9e7a-1de916007567,0,Location-771,FOSAID: 770 TYPE: MU,,
66d5e210-d90f-4263-8e2f-8dfbadd8645a,0,Location-772,FOSAID: 763 TYPE: MU,,
d04faa37-317a-4201-b6f3-cfd71761e27c,0,Location-773,FOSAID: 980 TYPE: MU,,
c0e36544-785a-4388-bfa9-50364ee3b011,0,Location-774,FOSAID: 754 TYPE: MU,,
61376a64-91dd-424d-862b-a9db16f9575a,0,Location-775,FOSAID: 887 TYPE: MU,,
372d920f-8270-4027-955e-38cc4ff644d4,0,Location-776,FOSAID: 782 TYPE: MU,,
b6005ab6-c062-45ee-b9da-a2997f6a3ccc,0,Location-777,FOSAID: 1097 TYPE: DP,,
5ddffdb4-39fb-46eb-a619-7f102de661dc,0,Location-778,FOSAID: 755 TYPE: MU,,
5bd01760-48e8-430c-96f3-2beddfce8888,0,Location-779,FOSAID: 664 TYPE: MU,,
c0458e8e-287e-461b-804e-5a5bcbed32de,0,Location-780,FOSAID: 663 TYPE: MU,,
24d5d774-5550-489b-b143-69f480bd7765,0,Location-781,FOSAID: 662 TYPE: MU,,
a97b920d-aebc-46ed-b8ec-c106dbe7d423,0,Location-782,FOSAID: 1002 TYPE: MU,,
9fca926a-3a99-4f4b-92ee-342745262285,0,Location-783,FOSAID: 1003 TYPE: MU,,
1837a0ee-cfc7-49bf-97fa-3ebab603840c,0,Location-784,FOSAID: 636 TYPE: PS,,
30d39585-562c-474d-a3d8-8908cca40990,0,Location-785,FOSAID: 637 TYPE: PS,,
50e3ea2d-3a6f-4370-b638-4a143862598f,0,Location-786,FOSAID: 762 TYPE: MU,,
77aa5847-4be7-4257-9af1-39a85e5edbea,0,Location-787,FOSAID: 638 TYPE: PS,,
8b2f7497-daeb-4422-8081-610d7d007df7,0,Location-788,FOSAID: 665 TYPE: MU,,
50bd26c7-a5da-445d-a479-1c1b977a8dd7,0,Location-789,FOSAID: 544 TYPE: DISP,,
50911365-cfbd-410a-946d-42126d37eda3,0,Location-790,FOSAID: 1055 TYPE: MU,,
0d4cffe4-21af-4e0a-b281-126d2b90a308,0,Location-791,FOSAID: 879 TYPE: MU,,
5b65a470-6d7f-4db4-a2a6-7d351c3da0a9,0,Location-792,FOSAID: 1024 TYPE: MU,,
b2a58a19-a6c4-42fa-9d1f-8e41565a4ce2,0,Location-793,FOSAID: 1008 TYPE: MU,,
6be3a1d9-849a-4019-aa76-0b2c9f1dbc3b,0,Location-794,FOSAID: 766 TYPE: MU,,
ee89cf4b-3abc-4040-b19d-e9b99a7f9f46,0,Location-795,FOSAID: 835 TYPE: MU,,
7cf82b0b-dcd8-40f4-823c-86eb1abdc5f4,0,Location-796,FOSAID: 836 TYPE: MU,,
3d8002f8-3d1c-4d5e-9762-917aef01f344,0,Location-797,FOSAID: 825 TYPE: MU,,
0c2e4037-7e23-4a41-9eef-76eeae80f95c,0,Location-798,FOSAID: 777 TYPE: MU,,
8400a511-9b3c-4330-aebe-59af51196f58,0,Location-799,FOSAID: 838 TYPE: MU,,
b8570d5d-fc5d-4e55-8aa3-97328277f28c,0,Location-800,FOSAID: 778 TYPE: MU,,
f612888e-ffb9-4d76-80ab-29c9494b43b4,0,Location-801,FOSAID: 1094 TYPE: DP,,
049dc75f-1546-468b-ae1a-c71713a4dc59,0,Location-802,FOSAID: 785 TYPE: MU,,
e8637116-6641-4bcf-a41e-52327ceb2eae,0,Location-803,FOSAID: 786 TYPE: MU,,
5289d658-cd77-4b0c-86e8-7b254601a41e,0,Location-804,FOSAID: 789 TYPE: MU,,
4123a44e-dc54-4c18-867d-bbcdd9f9a6cd,0,Location-805,FOSAID: 730 TYPE: MU,,
ac900a5c-4413-4d2f-a946-073bb9e3de13,0,Location-806,FOSAID: 1052 TYPE: MU,,
183448f8-7931-4428-bc89-c8dd3c9aa737,0,Location-807,FOSAID: 950 TYPE: MU,,
6168bd22-20a0-47e1-b3b6-d7bb8e68b29f,0,Location-808,FOSAID: 675 TYPE: MU,,
0439899e-ca49-4c88-a4c3-a80ba523a7c1,0,Location-809,FOSAID: 981 TYPE: MU,,
cafc8f01-5166-4507-b4c2-f5b5307a9501,0,Location-810,FOSAID: 951 TYPE: MU,,
c76429e9-1897-42bf-89f6-3fc670d7645b,0,Location-811,FOSAID: 700 TYPE: MU,,
95fb40bb-4ad7-44ca-9bf5-2c1fc628c54a,0,Location-812,FOSAID: 733 TYPE: MU,,
3b59b4fb-8ba8-493e-8d0c-fa44ee992916,0,Location-813,FOSAID: 736 TYPE: MU,,
0911a609-cc3d-4414-a0a6-1f6d488fab2a,0,Location-814,FOSAID: 647 TYPE: PS,,
79302de8-bceb-4ba2-8b10-a95c61c69ac4,0,Location-815,FOSAID: 735 TYPE: MU,,
2fb98a6b-f970-4a4e-bddc-d130e2ef448b,0,Location-816,FOSAID: 1091 TYPE: DP,,
db377093-1d1e-42cd-a684-c60524a10ee7,0,Location-817,FOSAID: 673 TYPE: MU,,
6781958e-ded6-4e12-88d1-2b69083e6ddc,0,Location-818,FOSAID: 734 TYPE: MU,,
60a2ef76-3a3d-469a-a8bf-bf7f51b28a33,0,Location-819,FOSAID: 967 TYPE: MU,,
d62e5ce9-34c0-417f-a768-720072e85e40,0,Location-820,FOSAID: 989 TYPE: MU,,
85b80095-bd17-4e96-8fe8-28b13e0297cf,0,Location-821,FOSAID: 990 TYPE: MU,,
35230980-0720-4732-8a31-8b4dae481781,0,Location-822,FOSAID: 775 TYPE: MU,,
8fb8b626-e59d-40cb-95b6-e99ea66197c4,0,Location-823,FOSAID: 205 TYPE: PRIS,,
021c9593-4e00-4982-888e-f600d8660fdc,0,Location-824,FOSAID: 1046 TYPE: MU,,
6d6a2772-1acc-4b05-86d6-01a139301d43,0,Location-825,FOSAID: 584 TYPE: PRIS,,
c7146e09-0d62-417a-a0e4-74471f12b4d6,0,Location-826,FOSAID: 719 TYPE: MU,,
3e403c30-8c43-464e-9ba0-d436f64057ac,0,Location-827,FOSAID: 936 TYPE: MU,,
aad75889-c0e9-42e7-a03f-9e3bec2e1b9e,0,Location-828,FOSAID: 940 TYPE: MU,,
c45d85e0-af54-422f-862a-c2a5ada1f26f,0,Location-829,FOSAID: 938 TYPE: MU,,
763233ee-1bff-4814-bb8c-c46c03f3f29a,0,Location-830,FOSAID: 774 TYPE: MU,,
27428578-7a82-4e21-bc9b-f4a2f11183f8,0,Location-831,FOSAID: 1034 TYPE: MU,,
382ab45f-6b29-4ce4-afae-33f7c1f1ad04,0,Location-832,FOSAID: 845 TYPE: MU,,
02a0895d-ffa7-4d9d-92a9-ee2f8d61d273,0,Location-833,FOSAID: 1033 TYPE: MU,,
4d5ebf4f-eee3-4f68-a6df-446114c692f1,0,Location-834,FOSAID: 679 TYPE: MU,,
b35931bd-46d1-4d69-82f4-826a77e07b8e,0,Location-835,FOSAID: 1099 TYPE: DP,,
aa80b8c6-c058-4070-a9e0-3d38979b31c9,0,Location-836,FOSAID: 684 TYPE: MU,,
817a5352-4218-41fa-916c-7208eaeea06f,1,Location-837,FOSAID: 867 TYPE: MU,,
97b09f90-6383-4186-a5af-c8bd117409b7,0,Location-838,FOSAID: 910 TYPE: MU,,
1ea11410-33ad-4d93-96c1-d6e66889557b,0,Location-839,FOSAID: 828 TYPE: MU,,
4da46f8c-46a1-4189-b522-4c4f363c4ed8,0,Location-840,FOSAID: 948 TYPE: MU,,
2d0af8f6-9545-455d-b202-264c8fecff0a,0,Location-841,FOSAID: 909 TYPE: MU,,
d74ce442-fd13-4f6a-869a-fae76c453700,0,Location-842,FOSAID: 803 TYPE: MU,,
09827143-a0b1-47c0-bec7-665721d1b027,0,Location-843,FOSAID: 666 TYPE: MU,,
9d9ac907-bd8b-4ca7-96d8-8a3caf6ae411,0,Location-844,FOSAID: 886 TYPE: MU,,
cc7b80fa-2c12-4657-8c32-c6586d705cef,0,Location-845,FOSAID: 728 TYPE: MU,,
76e4386e-397a-479e-93f9-4a0419ee948e,0,Location-846,FOSAID: 840 TYPE: MU,,
4acdc2d8-caeb-4dff-b91d-49fd12891209,0,Location-847,FOSAID: 947 TYPE: MU,,
87e25f94-73bf-4224-a30c-e7a04e49803d,0,Location-848,FOSAID: 194 TYPE: DISP,,
2225bf60-83f1-4bbb-a3e8-5d50c9d0baec,0,Location-849,FOSAID: 729 TYPE: MU,,
c18c1f52-3a11-4441-80bd-711767820037,0,Location-850,FOSAID: 1006 TYPE: MU,,
a10ec65f-8a9d-474e-91a2-08d5ae1a51e5,0,Location-851,FOSAID: 802 TYPE: MU,,
c4718a9c-9256-49a4-9014-59516aa5e6e0,0,Location-852,FOSAID: 1007 TYPE: MU,,
2c4960fd-bbab-48fd-83d7-1c336bb56911,0,Location-853,FOSAID: 896 TYPE: MU,,
cbb2ccf9-0f35-4041-aad1-58ca5df21585,0,Location-854,FOSAID: 900 TYPE: MU,,
59619b8a-ccf9-41bd-a189-a09576e1089c,0,Location-855,FOSAID: 895 TYPE: MU,,
78ed980b-f155-4835-ba04-4a0d49689183,0,Location-856,FOSAID: 780 TYPE: MU,,
52322ccc-32ec-48ce-be34-c0b9fc29ec94,0,Location-857,FOSAID: 927 TYPE: MU,,
52316e9c-5cdf-49c5-9445-32ad03b2c447,0,Location-858,FOSAID: 781 TYPE: MU,,
a5b45dfa-e3f9-4c47-a936-4eff2c71c453,0,Location-859,FOSAID: 1050 TYPE: MU,,
81e57ce5-3eec-450c-bb9f-16a81e0ba21a,0,Location-860,FOSAID: 795 TYPE: MU,,
33cd136d-09d8-4de8-93f2-584a791dc790,0,Location-861,FOSAID: 970 TYPE: MU,,
a7930868-88e9-4477-8406-68be845ceeaa,0,Location-862,FOSAID: 882 TYPE: MU,,
c9076c38-1a30-4c7a-a7b9-6e47df34bd2a,1,Location-863,FOSAID: 613 TYPE: FOSACOM,,
c9aa88f1-39e6-4ca2-a638-7d4ff49d254c,0,Location-864,FOSAID: 871 TYPE: MU,,
fcd83135-3f58-4bda-ab9b-cb80e2cd13ab,0,Location-865,FOSAID: 732 TYPE: MU,,
d1accd89-d18a-4616-9cdc-3930627d87c7,0,Location-866,FOSAID: 865 TYPE: MU,,
d15fca21-d0fd-48b8-9d30-ad4c8d47dbaa,0,Location-867,FOSAID: 839 TYPE: MU,,
36a0e0fa-43bc-4d1a-b0a4-2fe42a2d8dd6,0,Location-868,FOSAID: 905 TYPE: MU,,
66df94fc-eb11-4fcd-94fa-6b39cba9c652,0,Location-869,FOSAID: 852 TYPE: MU,,
e753fc94-5453-44aa-b494-b46416c56288,0,Location-870,FOSAID: 614 TYPE: FOSACOM,,
76a1de49-b1ac-471e-bdb6-60926916aa1b,0,Location-871,FOSAID: 1062 TYPE: MU,,
85f4358a-c109-4509-abc0-b305162fdfe5,0,Location-872,FOSAID: 747 TYPE: MU,,
7c891e21-114c-4a13-9bcf-d33c37f8f0de,0,Location-873,FOSAID: 90 TYPE: PRIS,,
9b326e5e-fba6-41f4-827c-05fd0fcef8a3,0,Location-874,FOSAID: 1098 TYPE: DP,,
887b671f-3cb6-4fc1-94f5-1e6813b8ba2b,0,Location-875,FOSAID: 932 TYPE: MU,,
9c0b660a-d671-41a6-a3ec-2fb48a68ac70,0,Location-876,FOSAID: 615 TYPE: FOSACOM,,
fa420676-851f-4c09-b428-8a0b7f4a2ce6,0,Location-877,FOSAID: 784 TYPE: MU,,
84104d21-5eb2-46bf-b0d3-709fda6707bb,0,Location-878,FOSAID: 1028 TYPE: MU,,
5a4dd74f-dad8-457b-9e60-463133a14dba,0,Location-879,FOSAID: 1066 TYPE: MU,,
49273a64-1028-49e4-a9d0-bd97eb6603df,0,Location-880,FOSAID: 745 TYPE: MU,,
5e59350c-acd6-4002-8fa5-ce151e1aa5a5,0,Location-881,FOSAID: 746 TYPE: MU,,
cc10ef3a-522f-42ad-b2f2-3b7c4d5369f7,1,Location-882,FOSAID: 597 TYPE: PRIS,,
8506f61c-e58b-489e-afef-ab322e52bef5,0,Location-883,FOSAID: 1040 TYPE: MU,,
1439eab5-9cef-4173-9f46-e37ae4a68255,0,Location-884,FOSAID: 82 TYPE: HNR,,
6a8e1ce4-c135-4741-9195-98ebc5a925e7,0,Location-885,FOSAID: 810 TYPE: MU,,
6e73e574-7774-411c-9037-6d43f07e829d,0,Location-886,FOSAID: 809 TYPE: MU,,
578dce00-ea94-4f8a-b1e6-823100a6bcd9,0,Location-887,FOSAID: 804 TYPE: MU,,
de8b6dc3-0f45-46e5-b3d8-21d2ecdd43ed,0,Location-888,FOSAID: 706 TYPE: MU,,
2f181dac-11aa-4033-8480-a9a557769e3c,0,Location-889,FOSAID: 971 TYPE: MU,,
497ad767-110c-44d7-aa28-302d5b05635d,0,Location-890,FOSAID: 528 TYPE: DISP,,
6fc9f01c-11d3-468d-9bf9-70f79a97e140,0,Location-891,FOSAID: 524 TYPE: DISP,,
efcb3766-1469-4bb1-a7f7-4630174ffa45,0,Location-892,FOSAID: 1014 TYPE: MU,,
0aa14712-cb05-4678-b89e-55ba29ae469b,0,Location-893,FOSAID: 525 TYPE: DISP,,
046aaa37-7741-494a-88d7-a435db395001,0,Location-894,FOSAID: 527 TYPE: DISP,,
3b028050-78e2-4bc1-9eb9-0fe7887f474b,0,Location-895,FOSAID: 529 TYPE: DISP,,
c96bff1d-6b41-4c9d-91f4-3f6b9ea0d5b4,0,Location-896,FOSAID: 792 TYPE: MU,,
28b6055f-d41d-4192-8115-ff26d73631f5,0,Location-897,FOSAID: 869 TYPE: MU,,
c45d40d0-dba5-4ecb-8c61-35ac9e9056bd,0,Location-898,FOSAID: 1083 TYPE: DP,,
b1068c3d-c53c-4000-b85e-09a1b6a05788,0,Location-899,FOSAID: 870 TYPE: MU,,
7de85546-597f-495c-802f-b4c3921ccf8e,0,Location-900,FOSAID: 530 TYPE: DISP,,
b11c7449-79c9-4c43-b494-9b2083c00d48,0,Location-901,FOSAID: 526 TYPE: DISP,,
390c92ef-fa00-43d5-8a7a-fd496b2f7564,0,Location-902,FOSAID: 1056 TYPE: MU,,
e02a14ab-d85d-455e-b4ec-f4422a04e954,0,Location-903,FOSAID: 1058 TYPE: MU,,
f77673f7-db23-4781-b30a-ab9e32862899,0,Location-904,FOSAID: 701 TYPE: MU,,
3ab8afed-a6c6-43ce-b3d8-77fb32b6314e,0,Location-905,FOSAID: 946 TYPE: MU,,
84be7b43-510c-43d1-a291-9ff0f708d148,0,Location-906,FOSAID: 702 TYPE: MU,,
2abf7628-2569-43f6-a46e-fb5e84330111,0,Location-907,FOSAID: 961 TYPE: MU,,
9a01c741-f2c5-4ab0-b60e-3806886b57a6,0,Location-908,FOSAID: 1057 TYPE: MU,,
e23345ff-a0a2-4f83-b435-e118edbac8e7,0,Location-909,FOSAID: 978 TYPE: MU,,
69497cb9-b78e-4988-9c4f-226ebb176aba,0,Location-910,FOSAID: 139 TYPE: PRIS,,
dc62e9ac-45cc-400b-817f-872fa7ac02da,0,Location-911,FOSAID: 756 TYPE: MU,,
21f3b0b3-fb72-4af0-b203-6b7f4e5e7efd,0,Location-912,FOSAID: 1088 TYPE: DP,,
74a775ac-21ae-43dd-b5b0-68c18434c2dc,0,Location-913,FOSAID: 793 TYPE: MU,,
64970ac4-0148-4ca3-8f3c-777fa8c71116,0,Location-914,FOSAID: 833 TYPE: MU,,
163d21eb-d3d2-470e-a9a4-df4b22ac49c2,0,Location-915,FOSAID: 908 TYPE: MU,,
dd9dd954-39a6-4eb7-b620-cfd3302351db,0,Location-916,FOSAID: 1000 TYPE: MU,,
9597d73d-03a6-4909-bffa-2a4c6812ee28,0,Location-917,FOSAID: 988 TYPE: MU,,
e35e3e33-13c3-413c-94bf-d18870adc1a7,0,Location-918,FOSAID: 765 TYPE: MU,,
92004f44-c67c-485e-bd27-7eb09d967817,0,Location-919,FOSAID: 1064 TYPE: MU,,
e5377660-ae52-4ca8-bc75-2828c2f97281,0,Location-920,FOSAID: 826 TYPE: MU,,
f8ef77a3-4d24-448a-8330-ac379ea46b99,0,Location-921,FOSAID: 699 TYPE: MU,,
0b6902ec-bc3b-4e3f-ab69-c471a562a7fa,0,Location-922,FOSAID: 712 TYPE: MU,,
e4be2dac-b724-4ef0-a986-8b7e18b82b5d,0,Location-923,FOSAID: 713 TYPE: MU,,
96111d0a-9771-426e-882e-3936517ddc4c,0,Location-924,FOSAID: 721 TYPE: MU,,
f66c74ae-3ca5-43ae-a85a-37443e314ee2,0,Location-925,FOSAID: 1080 TYPE: DP,,
13aa7721-b4b6-4ddb-9900-dd7cbe940565,0,Location-926,FOSAID: 937 TYPE: MU,,
aba4af8d-7e1d-41cd-a3ef-27a8fd6802d7,0,Location-927,FOSAID: 773 TYPE: MU,,
f078d9db-2022-4b59-9f25-d394e6bf84bf,0,Location-928,FOSAID: 797 TYPE: MU,,
cc473be9-067e-49d4-ba95-515ae22c5b01,0,Location-929,FOSAID: 911 TYPE: MU,,
5d40ff69-a315-4217-9790-d9570749c5be,0,Location-930,FOSAID: 902 TYPE: MU,,
94a53c0e-e2df-405a-9173-245981555152,0,Location-931,FOSAID: 899 TYPE: MU,,
2a6cf976-7fbc-441a-882f-70f54ef57914,0,Location-932,FOSAID: 864 TYPE: MU,,
14251ab6-f301-42c3-bc7f-105c2fb6dc17,0,Location-933,FOSAID: 853 TYPE: MU,,
7be5ee35-71e9-40e2-837b-a492174002a1,0,Location-934,FOSAID: 492 TYPE: PRIS,,
3fc6b395-f9cb-46f2-9ffa-e72805dfab71,0,Location-935,FOSAID: 495 TYPE: PS,,
38b279dd-bac4-4f4b-bef0-5fd870b07507,0,Location-936,FOSAID: 645 TYPE: PS,,
3378c8a1-bbed-4cf8-aae8-f2dd499a912b,0,Location-937,FOSAID: 916 TYPE: MU,,
9bf7ce5a-6869-4ea4-88d4-2b53ca08e27d,0,Location-938,FOSAID: 915 TYPE: MU,,
e9b7a8cf-ed39-4ca1-81ef-0520991550b9,0,Location-939,FOSAID: 883 TYPE: MU,,
96852b44-cc74-4625-bb99-cc673f218656,0,Location-940,FOSAID: 945 TYPE: MU,,
26ca0a14-57c8-4194-ae38-0d4317ba07ee,1,Location-941,FOSAID: 884 TYPE: MU,,
2ec511d7-4161-4e5c-bb63-c71d041f6e2e,0,Location-942,FOSAID: 1075 TYPE: DP,,
4f894a7b-0f9f-433a-b666-3480fee16264,0,Location-943,FOSAID: 51 TYPE: PRIS,,
69282e47-02e6-42e1-b57a-1321ef962dea,0,Location-944,FOSAID: 50 TYPE: PRIS,,
e1b462de-6300-4e58-9e2e-3497574c27da,0,Location-945,FOSAID: 957 TYPE: MU,,
fc5eb5a3-f7c1-4414-8a66-aa78188caaa7,0,Location-946,FOSAID: 956 TYPE: MU,,
557aad38-a144-4a11-8c0f-914994a059bd,0,Location-947,FOSAID: 1089 TYPE: DP,,
15e7a80c-cf10-4595-8b9e-672de01d4a94,0,Location-948,FOSAID: 944 TYPE: MU,,
412c0183-dc1d-4b6f-9952-9b89b27f4cd2,0,Location-949,FOSAID: 1037 TYPE: MU,,
7b472d46-f32c-4160-bdc6-098f3ff327d4,0,Location-950,FOSAID: 678 TYPE: MU,,
ee9bbf9b-9fab-4bef-82d6-6d02f991eee4,0,Location-951,FOSAID: 805 TYPE: MU,,
464ba73d-f76e-493b-81de-5954be05328d,0,Location-952,FOSAID: 1038 TYPE: MU,,
c69edca2-30a7-4c6a-aadc-176a5e138f00,0,Location-953,FOSAID: 671 TYPE: MU,,
2cd0484d-7a09-49ca-91a0-e4841fa84956,0,Location-954,FOSAID: 672 TYPE: MU,,
050e471b-d5f0-4f0e-ba0a-8b95b6c2410c,0,Location-955,FOSAID: 796 TYPE: MU,,
a8486a6b-0a31-4fc5-b127-54a9732a28c4,0,Location-956,FOSAID: 694 TYPE: MU,,
f582ecaf-75b1-487d-a45d-89c2ac3abd04,0,Location-957,FOSAID: 1029 TYPE: MU,,
ea33da4a-d447-4ace-afb9-c12e7bf138fa,0,Location-958,FOSAID: 1022 TYPE: MU,,
27749614-f371-4eaa-b195-5914954f9de1,0,Location-959,FOSAID: 1009 TYPE: MU,,
8e2d26bd-0a06-4be1-8ac9-e3e295bc81d6,0,Location-960,FOSAID: 670 TYPE: MU,,
923cd194-fe82-4779-adeb-036e97013a8e,0,Location-961,FOSAID: 696 TYPE: MU,,
6c1ae98c-b24e-49cc-8529-bfe5ccf69b4e,0,Location-962,FOSAID: 1074 TYPE: DP,,
12777b1c-5984-474c-af28-33bdd9bb9b5a,0,Location-963,FOSAID: 697 TYPE: MU,,
8dc8e684-cc1b-471e-be02-f4a312d28d42,0,Location-964,FOSAID: 827 TYPE: MU,,
87aa0c0a-178e-4002-a793-3f1215b94453,0,Location-965,FOSAID: 949 TYPE: MU,,
98dd3fb2-89c3-4c00-b2dd-c87dd8f2ffb1,0,Location-966,FOSAID: 866 TYPE: MU,,
afc65b89-d95c-44c6-bb15-4b99e04c7881,0,Location-967,FOSAID: 888 TYPE: MU,,
1c65e23c-0dbe-476b-a332-9b8880d21ee2,0,Location-968,FOSAID: 959 TYPE: MU,,
3f27d4b5-f369-4118-94d5-999ff67f7f9a,0,Location-969,FOSAID: 958 TYPE: MU,,
4c8e5b24-49f8-4a1e-b48b-83deaaa12d0d,0,Location-970,FOSAID: 794 TYPE: MU,,
929b9745-54eb-4071-84bd-c5c1574e0fad,0,Location-971,FOSAID: 933 TYPE: MU,,
f821f42d-3ef6-4789-9d1f-e320230fc94c,0,Location-972,FOSAID: 847 TYPE: MU,,
7e071224-328a-479b-abfd-c001b9eb0f50,0,Location-973,FOSAID: 855 TYPE: MU,,
4c98e549-26b9-4ea1-9216-818651116ad6,0,Location-974,FOSAID: 856 TYPE: MU,,
9fcda80c-d34d-4039-91bb-43a0453ddbfb,0,Location-975,FOSAID: 1093 TYPE: DP,,
46bb2385-127a-4bb3-b73e-d998d8d5e371,0,Location-976,FOSAID: 919 TYPE: MU,,
768de9c0-8193-40d3-9ad4-089d73d16353,0,Location-977,FOSAID: 814 TYPE: MU,,
e98c8e2a-cafc-463f-80d0-d2cca126b225,0,Location-978,FOSAID: 815 TYPE: MU,,
fdea2f05-cc82-48cc-bc72-8b988a316ad3,0,Location-979,FOSAID: 757 TYPE: MU,,
3cfd5f6e-dda4-4ce8-b377-bf8610f90d24,0,Location-980,FOSAID: 650 TYPE: PS,,
11b8aba2-e2cd-46e8-b39a-21260a0ed059,0,Location-981,FOSAID: 648 TYPE: PS,,
70e4f667-5ff7-4ec4-bb0e-d2dc5e42752d,0,Location-982,FOSAID: 689 TYPE: MU,,
2eebe8a9-6312-43c3-9a12-376d16a091f0,0,Location-983,FOSAID: 649 TYPE: PS,,
b9d5e0dd-6319-40e2-8157-e59446c46eee,0,Location-984,FOSAID: 683 TYPE: MU,,
86c7f661-de88-4dd8-b79d-bceeea56fc48,0,Location-985,FOSAID: 1072 TYPE: DP,,
0e2a296e-eef1-4e98-8d89-beef0548142a,0,Location-986,FOSAID: 943 TYPE: MU,,
b96a0acb-f82d-496e-8f3c-caa88b47dba9,0,Location-987,FOSAID: 1004 TYPE: MU,,
a03c1ae4-7c9d-4bfc-8ad3-5da25c19b309,0,Location-988,FOSAID: 1005 TYPE: MU,,
b57bd95b-7737-4632-9c5b-6fac8eb0b9bd,0,Location-989,FOSAID: 819 TYPE: MU,,
2636a3fc-3d25-4a58-83c4-b1dfdf853f21,1,Location-990,FOSAID: 1141 TYPE: DISP,,
77436543-19fd-4588-8966-0d8314024716,0,Location-991,FOSAID: 820 TYPE: MU,,
1b7d97af-ea2a-4240-8e85-10ea9e8d4b84,0,Location-992,FOSAID: 466 TYPE: CLIN,,
046c538a-1461-49be-aed7-02d4c1869d93,0,Location-993,FOSAID: 1160 TYPE: DISP,,
d8013d19-dc82-4afb-b608-c0f0c393cc0b,0,Location-994,FOSAID: 1177 TYPE: DISP,,
3a5910f7-b9da-48ff-b804-3ed1f762880f,0,Location-995,FOSAID: 1175 TYPE: DISP,,
5a0e0471-500b-42cd-a6cf-86ef996f4ff4,0,Location-996,FOSAID: 1174 TYPE: DISP,,
a606acd5-b457-44b4-b312-4c022870dab4,0,Location-997,FOSAID: 14 TYPE: HNR,,
0414fdbc-2ee1-4095-8121-a66e984e93e3,0,Location-998,FOSAID: 1170 TYPE: DISP,,
80a5de1c-9292-4dc7-897f-dfd8bf6e6112,0,Location-999,FOSAID: 1166 TYPE: DISP,,
89344cf2-1d25-469c-a3e6-3dbcd8ff4bb6,0,Location-1000,FOSAID: 1145 TYPE: DISP,,
63640ca7-2122-4eb1-9254-341e9ef92c31,0,Location-1001,FOSAID: 1164 TYPE: DISP,,
6bb5df73-e756-4a1d-91c7-8c13f1f171e9,0,Location-1002,FOSAID: 1206 TYPE: DISP,,
56cbe6a1-5c7d-4bb9-8e59-e5a1b25408f0,0,Location-1003,FOSAID: 24 TYPE: HNR,,
fd3f0ec0-5ae4-46af-bd89-edcb8a97d7ab,0,Location-1004,FOSAID: 27 TYPE: PRIS,,
7fa5b5e4-8fd0-4930-beaf-d6afae50600c,0,Location-1005,FOSAID: 1154 TYPE: DISP,,
d2ff308f-0fb1-4430-bd14-7625cd19eaa9,0,Location-1006,FOSAID: 19 TYPE: HM,,
0bae8983-c331-4d14-8a27-449424959a8d,0,Location-1007,FOSAID: 1136 TYPE: CLIN,,
309ac47b-4f5a-4ca7-b7f5-c9aceb57e0e9,0,Location-1008,FOSAID: 1135 TYPE: CLIN,,
ba539866-5a04-4d01-8739-f633e6c4286e,0,Location-1009,FOSAID: 1134 TYPE: CLIN,,
9a20e5f4-95b2-4d28-86f6-afee60f88e15,0,Location-1010,FOSAID: 1133 TYPE: CLIN,,
a52f26f0-1497-4569-bb4a-c5fca01bb6e4,0,Location-1011,FOSAID: 926 TYPE: MU,,
6a2b749f-cdf3-4b48-9985-cdf693d0bb10,0,Location-1012,FOSAID: 1130 TYPE: CLIN,,
fe19b82a-0d5b-42f3-9744-8e02a8dfe519,0,Location-1013,FOSAID: 1124 TYPE: CLIN,,
49d250a8-7ad4-46ec-9a4c-43834bd3f37d,0,Location-1014,FOSAID: 1122 TYPE: CLIN,,
f8acb01e-1ba2-4575-a89e-65f27b2cdb77,0,Location-1015,FOSAID: 1119 TYPE: CLIN,,
d2da8320-90d3-4d01-88a4-e5a3cecac808,0,Location-1016,FOSAID: 1210 TYPE: DISP,,
d5a4ec5a-f229-447f-885d-1ecb197df4f2,0,Location-1017,FOSAID: 1184 TYPE: DISP,,
c6ac2f01-0e9e-49ad-b9cb-b0319990900c,0,Location-1018,FOSAID: 1178 TYPE: DISP,,
a9e95238-05d1-4195-8786-559c97279e45,0,Location-1019,FOSAID: 668 TYPE: MU,,
071167a3-b873-4cf5-a570-3a5e20a19f43,0,Location-1020,FOSAID: 764 TYPE: MU,,
10e124e6-89dc-419d-b22c-eadd3424c6e6,0,Location-1021,FOSAID: 1090 TYPE: DP,,
1e79daa8-c486-42db-bf40-29982241cfe5,0,Location-1022,FOSAID: 750 TYPE: MU,,
20b40bee-29b9-41d7-a1a4-04b6d76f37f6,0,Location-1023,FOSAID: 722 TYPE: MU,,
c452f358-75ac-4280-8ab8-4932349c4229,0,Location-1024,FOSAID: 1036 TYPE: MU,,
8e9baa30-5ca9-4391-9e98-69e55ad9200e,0,Location-1025,FOSAID: 749 TYPE: MU,,
ddc09360-4549-4720-889b-729974c20a4a,0,Location-1026,FOSAID: 748 TYPE: MU,,
e95d2c5c-b084-4c99-ac68-f03aab4991d7,0,Location-1027,FOSAID: 1115 TYPE: CLIN,,
faa34c1d-b4ba-4909-875f-a5773b5d60f1,0,Location-1028,FOSAID: 807 TYPE: MU,,
a0604aad-ff40-4c81-ac65-205968ceb0c0,0,Location-1029,FOSAID: 1217 TYPE: CLIN,,
d4d14a56-401e-4ebe-ae02-b3f8c7704370,0,Location-1030,FOSAID: 1216 TYPE: CLIN,,
28d6c16e-61ae-4a46-8910-66b76b276b11,0,Location-1031,FOSAID: 1215 TYPE: CLIN,,
5e064e23-7f40-46f7-bbb6-22e3d786305e,0,Location-1032,FOSAID: 1213 TYPE: DISP,,
0ec31e62-d261-42f0-b002-d1ec46d2ce70,0,Location-1033,FOSAID: 1209 TYPE: DISP,,
7108468e-9eb0-4d95-b00f-3e1c13d165ea,0,Location-1034,FOSAID: 658 TYPE: CLIN,,
09a70593-d439-4019-8455-212e52cfe8ab,0,Location-1035,FOSAID: 1204 TYPE: DISP,,
9ea22661-dfb3-484a-a1e9-4b597c99f894,0,Location-1036,FOSAID: 1197 TYPE: DISP,,
15c6a4c1-315f-4bf7-981e-c6f828734625,0,Location-1037,FOSAID: 1193 TYPE: DISP,,
0f9552e2-56fa-4a5b-97f2-b5440804f685,0,Location-1038,FOSAID: 1138 TYPE: CLIN,,
7d0357e8-87d3-4e6a-9e82-f3a4ca8bc8a0,0,Location-1039,FOSAID: 1187 TYPE: DISP,,
4aad4241-d761-42c3-b12e-eac6d61a3216,0,Location-1040,FOSAID: 806 TYPE: MU,,
005dd178-7a0e-46dc-ba56-fbadc8456746,0,Location-1041,FOSAID: 1185 TYPE: DISP,,
3a7f3266-09c8-4e2d-9e26-72c872f1d5e6,0,Location-1042,FOSAID: 1190 TYPE: DISP,,
747bc6f0-09e4-4c9d-8302-8f198d5f2177,0,Location-1043,FOSAID: 34 TYPE: HNR,,
74f67cca-5652-4e35-a2de-16f04b3ab300,1,Location-1044,FOSAID: 1203 TYPE: DISP,,
4b691377-97bb-48e0-9c2c-0dfd3f8daa48,0,Location-1045,FOSAID: 1120 TYPE: CLIN,,
060ffaa8-ab42-436b-a67e-e1476a523bbb,1,Location-1046,FOSAID: 1127 TYPE: CLIN,,
b26dd7f4-f069-41cf-ae82-ab22680a53d8,0,Location-1047,FOSAID: 1131 TYPE: CLIN,,
4e53aead-bd61-4fbe-98f8-fa82ac1d0b98,0,Location-1048,FOSAID: 1137 TYPE: CLIN,,
51d23ae6-0f6e-400e-a1e7-b3b9cf1fc9ab,1,Location-1049,FOSAID: 1179 TYPE: DISP,,
331ff0a6-9d2a-41fe-b437-5fdd2e14cb29,0,Location-1050,FOSAID: 1180 TYPE: DISP,,
902ef72b-5f42-4617-be98-d38fb80b9f35,0,Location-1051,FOSAID: 1183 TYPE: DISP,,
079bb4e7-47fd-49e6-85b3-6772ba8441f9,0,Location-1052,FOSAID: 1188 TYPE: DISP,,
3744f13d-983a-4abb-aa24-0a5ec2d11b83,0,Location-1053,FOSAID: 1189 TYPE: DISP,,
5a4567c6-d9d3-4858-aa0e-44f098b4f26a,1,Location-1054,FOSAID: 1194 TYPE: DISP,,
73a7ab4b-2a3d-411c-856c-0926acacacf2,0,Location-1055,FOSAID: 1196 TYPE: DISP,,
c38c9c35-c0f9-4ddc-817c-e47d6c4e9508,1,Location-1056,FOSAID: 1198 TYPE: DISP,,
660eb029-95bc-4492-a9f9-616627c84031,0,Location-1057,FOSAID: 1116 TYPE: CLIN,,
516c8dd3-79d0-4819-926a-183d9a872e0b,1,Location-1058,FOSAID: 1202 TYPE: DISP,,
0769d149-47f6-460d-afb6-eba2d674aa02,0,Location-1059,FOSAID: 1199 TYPE: DISP,,
589438df-f68b-4f67-987d-c02c44d5f8e6,0,Location-1060,FOSAID: 1207 TYPE: DISP,,
cfdf9b81-35e4-4885-95c7-ced58cbf86dd,1,Location-1061,FOSAID: 1208 TYPE: DISP,,
5faf47b9-64cf-4f2a-848f-5e4a7875ede8,1,Location-1062,FOSAID: 1150 TYPE: DISP,,
4265f1e6-5999-4cfc-907f-aeb2969f89ef,0,Location-1063,FOSAID: 1151 TYPE: DISP,,
eac51cec-5e2e-46e3-a994-ece97adf4573,0,Location-1064,FOSAID: 1156 TYPE: DISP,,
96b6c86c-8c7e-4a88-b867-26bdd9fcb611,0,Location-1065,FOSAID: 1158 TYPE: DISP,,
79e72c7f-e5bb-4ca9-8f64-a4aefd7be4e2,1,Location-1066,FOSAID: 1161 TYPE: DISP,,
43a90495-c847-4bbe-9c1f-db7776528492,1,Location-1067,FOSAID: 1163 TYPE: DISP,,
6d11f41f-4666-4da4-adf9-b7b3dfb0bab8,0,Location-1068,FOSAID: 1167 TYPE: DISP,,
f1dcb41e-2765-43dc-8f93-64a4cd3c3189,0,Location-1069,FOSAID: 1168 TYPE: DISP,,
a40133f9-ae49-43d6-a925-e0da740dc2a4,0,Location-1070,FOSAID: 1171 TYPE: DISP,,
28834f4c-626a-4f73-980f-263063711676,0,Location-1071,FOSAID: 1173 TYPE: DISP,,
08df8089-2089-4f65-b706-fb4ef0aa4c5b,0,Location-1072,FOSAID: 1201 TYPE: DISP,,
cdd696ea-bef8-45ff-93d7-36dbc26a22cd,0,Location-1073,FOSAID: 977 TYPE: MU,,
8f7b315c-0cfd-4fd8-8ea5-c3616c415bed,0,Location-1074,FOSAID: 843 TYPE: MU,,
b386d5b2-6e30-49d2-952a-5b92f38577e1,0,Location-1075,FOSAID: 844 TYPE: MU,,
2a8e402c-203d-4b7a-8f5b-7d25680e698b,0,Location-1076,FOSAID: 935 TYPE: MU,,
979eec26-b59a-43d7-8eeb-3964b3fe674d,0,Location-1077,FOSAID: 799 TYPE: MU,,
dbc3c884-58c4-4ca2-a8fa-4cdae9a27057,0,Location-1078,FOSAID: 779 TYPE: MU,,
90b8edeb-2b87-45ca-bfaf-4d1781c4e1d2,0,Location-1079,FOSAID: 731 TYPE: MU,,
eff36dc4-8743-4258-9702-525c663449c4,0,Location-1080,FOSAID: 1077 TYPE: DP,,
d5adec72-1136-46a3-a1f5-06bbe983cfd0,0,Location-1081,FOSAID: 707 TYPE: MU,,
99bfd22e-d108-4b98-8ec9-fcc902c2e610,0,Location-1082,FOSAID: 657 TYPE: CLIN,,
494f3e97-5964-4bca-b470-6406cb7dffca,0,Location-1083,FOSAID: 1146 TYPE: DISP,,
70f84967-57bd-4d32-bb3f-03ffd591d0f0,0,Location-1084,FOSAID: 1159 TYPE: DISP,,
29d46ad6-abc0-4c9a-bf6b-bf251f31f96a,0,Location-1085,FOSAID: 801 TYPE: MU,,
eaaa1f7f-530e-49ee-b6ba-9a4afbd02286,0,Location-1086,FOSAID: 808 TYPE: MU,,
cd4b1b9e-b379-4aff-ab02-f8f4160b68d3,0,Location-1087,FOSAID: 1149 TYPE: DISP,,
d7de118d-47ac-4e05-be93-c8182630aada,0,Location-1088,FOSAID: 1148 TYPE: DISP,,
9295fa64-b311-40ab-850b-715962ad7971,0,Location-1089,FOSAID: 3 TYPE: HNR,,
65752fde-45d8-4946-adaa-cf54bc08f058,0,Location-1090,FOSAID: 1153 TYPE: DISP,,
5758f25e-4356-4eba-840a-4dc204894ac4,0,Location-1091,FOSAID: 1147 TYPE: DISP,,
2059e6ce-034f-4e57-abb0-3ad64d6e86af,1,Location-1092,FOSAID: 1155 TYPE: DISP,,
581cc9a2-17d1-4ac5-917f-8ad14f11ca8a,0,Location-1093,FOSAID: 1144 TYPE: DISP,,
ca2f0a0e-08ae-4a18-8962-596db087d0e8,0,Location-1094,FOSAID: 1143 TYPE: DISP,,
98fa71d8-de9d-4c0e-84f9-0a8802f84ec4,0,Location-1095,FOSAID: 1142 TYPE: DISP,,
95dbe847-5854-4caa-8e4a-04f6357c3568,0,Location-1096,FOSAID: 1140 TYPE: DISP,,
a2ae3df4-e80f-4eab-aaf1-8cf425b7ba97,0,Location-1097,FOSAID: 1139 TYPE: DISP,,
65300f5f-867b-4be7-bb32-86e216d6c425,0,Location-1098,FOSAID: 837 TYPE: MU,,
f87e6b66-5341-43b3-b6c7-c408a7071d69,0,Location-1099,FOSAID: 1227 TYPE: CLIN,,
2bea3595-1b61-4a78-a985-0eec8a687903,0,Location-1100,FOSAID: 1176 TYPE: DISP,,
ff1c15bf-7aa7-45eb-8c70-f7ee67289b3e,0,Location-1101,FOSAID: 1172 TYPE: DISP,,
32d017ae-f5f5-49a3-98b5-63816946b74e,0,Location-1102,FOSAID: 655 TYPE: CLIN,,
dca21e66-0841-4978-ae76-b5abe7509729,0,Location-1103,FOSAID: 1169 TYPE: DISP,,
8af4c4de-8326-4242-91f6-9f05711dbd3f,0,Location-1104,FOSAID: 10 TYPE: PRIS,,
2c4b7c09-609b-4140-adea-d5f64d9fe71d,0,Location-1105,FOSAID: 1152 TYPE: DISP,,
d7a080bc-2f8d-4da1-955e-1325fb8dfa61,0,Location-1106,FOSAID: 1162 TYPE: DISP,,
f7fe3d98-789d-477d-ac33-c4d09e663db1,0,Location-1107,FOSAID: 1222 TYPE: CLIN,,
22917e1a-8477-45d1-afef-12feeb32251f,0,Location-1108,FOSAID: 1226 TYPE: CLIN,,
93b6d701-d8a4-476d-acbe-b745a5b73d9a,0,Location-1109,FOSAID: 1157 TYPE: DISP,,
af6f98e7-e251-4fe6-90a9-dd767166a147,0,Location-1110,FOSAID: 1165 TYPE: DISP,,
6a309f16-6df4-419e-ba61-f4cbb34669dc,0,Location-1111,FOSAID: 1126 TYPE: CLIN,,
3d64e884-6491-4046-929a-ba68ad5a7cd6,0,Location-1112,FOSAID: 1182 TYPE: DISP,,
49b3b3ab-ced4-4e9d-bba3-fcacb5a602e7,0,Location-1113,FOSAID: 1181 TYPE: DISP,,
9b749882-a25c-4157-9231-ec09bdb3e4ab,0,Location-1114,FOSAID: 1092 TYPE: DP,,
02f4bf4c-d6de-4133-8aea-79c5bc7cf52d,0,Location-1115,FOSAID: 1104 TYPE: CLIN,,
e58270fc-4458-428c-926b-43a310c73ab9,1,Location-1116,FOSAID: 1105 TYPE: CLIN,,
b2522e6a-2bb7-4d13-a406-77681609bc08,0,Location-1117,FOSAID: 1132 TYPE: CLIN,,
0de15b46-98e9-486b-8981-017c30278b5f,0,Location-1118,FOSAID: 1106 TYPE: CLIN,,
9771165f-1e41-4b63-a987-ca93abc657b6,0,Location-1119,FOSAID: 1129 TYPE: CLIN,,
f1ef8720-5e97-42c0-af8f-d15f9ba1112f,0,Location-1120,FOSAID: 1224 TYPE: CLIN,,
2530418f-938c-4fe5-b50b-ef9e810a2e58,0,Location-1121,FOSAID: 1107 TYPE: CLIN,,
cba425d5-08b4-4023-9eaf-677007d3b372,0,Location-1122,FOSAID: 1191 TYPE: DISP,,
e586fa93-ebf9-4c38-8601-309e1d0099ac,0,Location-1123,FOSAID: 1125 TYPE: CLIN,,
d62b5fb8-1171-44f4-85fb-56b5ef23485f,0,Location-1124,FOSAID: 1123 TYPE: CLIN,,
90d6f022-7d01-4063-aafd-6e0bc1ee8253,0,Location-1125,FOSAID: 1121 TYPE: CLIN,,
d1d38688-7c37-4e70-9b29-45b5aa287b6e,0,Location-1126,FOSAID: 1108 TYPE: CLIN,,
903d4e29-599a-489d-9ce3-c68001f5cb49,0,Location-1127,FOSAID: 1118 TYPE: CLIN,,
e5df1315-8bb8-4a06-b5ec-c5e7ea8ac8f7,0,Location-1128,FOSAID: 1117 TYPE: CLIN,,
5dc3deef-1110-4878-a171-c196b98adbe4,0,Location-1129,FOSAID: 1109 TYPE: CLIN,,
11154009-5592-4922-b1bf-f371290bf7f8,0,Location-1130,FOSAID: 1128 TYPE: CLIN,,
67a7047a-c527-4078-98e3-96fa11a8a270,0,Location-1131,FOSAID: 873 TYPE: MU,,
fe55facd-de7f-40d8-92e3-24cb239d45a7,0,Location-1132,FOSAID: 1200 TYPE: DISP,,
0bef6c09-621a-489d-b554-f5dbdba4b701,0,Location-1133,FOSAID: 1223 TYPE: CLIN,,
f19cb233-6407-47e2-a97a-fdcf5748c2e6,0,Location-1134,FOSAID: 1221 TYPE: CLIN,,
0cf1e495-c4ca-4357-a9af-8ef4f6e0a190,0,Location-1135,FOSAID: 1220 TYPE: CLIN,,
51306c5b-1042-4177-9592-de75380e94d4,0,Location-1136,FOSAID: 1219 TYPE: CLIN,,
9fbb2568-17d8-447b-8e3f-a12e9cb2c972,0,Location-1137,FOSAID: 1218 TYPE: CLIN,,
c5c53b0c-1be0-43b1-ba53-f6af701e7f4f,0,Location-1138,FOSAID: 1214 TYPE: CLIN,,
25a9f6ec-7df9-4b3e-a89c-417990f8ac61,0,Location-1139,FOSAID: 1212 TYPE: DISP,,
7ba82379-1bd5-4a41-a8d5-547384208e41,0,Location-1140,FOSAID: 1186 TYPE: DISP,,
a646b0d6-6c0f-42c6-b4b7-a98c5392f81e,0,Location-1141,FOSAID: 1205 TYPE: DISP,,
461e620c-5624-4e7a-9333-9f2306d1bbee,0,Location-1142,FOSAID: 976 TYPE: MU,,
1064edd4-ad33-40dc-93ab-237343188e4b,0,Location-1143,FOSAID: 656 TYPE: CLIN,,
220b61d2-1a00-4f02-a0bb-0014979d3b85,0,Location-1144,FOSAID: 964 TYPE: MU,,
b5176571-60b1-4f68-83c9-3c224e1227a6,0,Location-1145,FOSAID: 465 TYPE: DISP,,
6a844c2b-fac7-44b7-b06e-dc7fe92016c9,0,Location-1146,FOSAID: 973 TYPE: MU,,
d9a90d77-9c0b-4ea9-9efb-18de52ab5b8e,0,Location-1147,FOSAID: 974 TYPE: MU,,
bb652daa-c645-44c0-9d15-3d20cedeacd8,0,Location-1148,FOSAID: 1195 TYPE: DISP,,
9195bbaa-51c5-4fb1-98cd-dfa996ba4b08,0,Location-1149,FOSAID: 975 TYPE: MU,,
37714ac7-e511-4173-8e75-f73555bc210d,0,Location-1150,FOSAID: 1192 TYPE: DISP,,
43bbd65b-8a0a-41aa-beb6-6c7be93dad73,0,Location-1151,FOSAID: 1225 TYPE: CLIN,,
fbf44d0f-85c3-4253-92e1-29fc3b3fc1af,0,Location-1152,FOSAID: 1211 TYPE: DISP,,
2860a643-6306-49c0-a2d0-32d494ac53be,0,Location-1153,FOSAID: 1235 TYPE: DISP,,
e64dd898-4ba8-48b0-b7ee-245fab15ce6a,0,Location-1154,FOSAID: 1236 TYPE: DISP,,
b6ec961c-e95c-469e-b9f6-386bd59f87dd,1,Location-1155,FOSAID: 1237 TYPE: DISP,,
